email_id,sender_email,subject,has_link,has_attachment,urgency_score,spelling_errors,email_length_words,is_phishing
1,harrisonsandra@paypal-alert.com,Meeting Reminder,0,1,2,0,227,0
2,randyharris@bankverify.net,Urgent Account Verification,1,1,9,7,59,1
3,adam13@outlook.com,Suspicious Login Attempt,1,1,8,10,67,1
4,kennethfisher@company-secure.com,Suspicious Login Attempt,0,1,9,8,102,1
5,wsandoval@paypal-alert.com,Your Password Will Expire,1,0,7,4,96,1
6,dflores@company-secure.com,Claim Your Reward Now,0,0,10,4,88,1
7,hillanthony@gmail.com,Interview Schedule,0,0,2,2,112,0
8,yhansen@paypal-alert.com,Urgent Account Verification,1,0,10,10,84,1
9,robinsoncory@gmail.com,Invoice Attached,1,0,5,2,191,0
10,josephwilcox@bankverify.net,Invoice Attached,0,1,4,2,173,0
11,loganramsey@bankverify.net,Project Update,1,1,5,2,125,0
12,sharpshawn@paypal-alert.com,Bank Account Locked,1,1,8,3,41,1
13,vcollins@bankverify.net,Meeting Reminder,1,1,3,2,271,0
14,joneslisa@company-secure.com,Project Update,0,1,2,0,214,0
15,cynthia11@bankverify.net,Interview Schedule,0,1,4,2,259,0
16,ashleyrivera@paypal-alert.com,Claim Your Reward Now,1,1,9,3,35,1
17,ltapia@gmail.com,Urgent Account Verification,1,0,8,9,101,1
18,vbrown@paypal-alert.com,Interview Schedule,0,1,3,1,101,0
19,jonesjennifer@gmail.com,Meeting Reminder,0,1,3,1,167,0
20,karenwaller@company-secure.com,Bank Account Locked,1,1,9,9,114,1
21,rpowers@paypal-alert.com,Bank Account Locked,1,1,7,10,110,1
22,henryjohn@gmail.com,Project Update,1,1,2,2,230,0
23,kocheileen@bankverify.net,Project Update,1,1,5,1,253,0
24,stewartjames@bankverify.net,Claim Your Reward Now,1,1,8,4,118,1
25,wbecker@paypal-alert.com,Urgent Account Verification,1,1,7,9,108,1
26,patrickterry@company-secure.com,Bank Account Locked,1,1,7,7,35,1
27,brittanygarcia@company-secure.com,Invoice Attached,1,0,1,0,132,0
28,parkmelissa@bankverify.net,Suspicious Login Attempt,1,1,10,7,33,1
29,clarkrebecca@outlook.com,Bank Account Locked,1,0,8,3,83,1
30,adam47@outlook.com,Urgent Account Verification,1,0,10,6,114,1
31,veronica94@bankverify.net,Project Update,1,1,3,1,266,0
32,jacksonsarah@outlook.com,Claim Your Reward Now,1,0,8,6,56,1
33,dpatrick@gmail.com,Invoice Attached,0,0,1,1,255,0
34,robertobrien@bankverify.net,Meeting Reminder,0,0,3,0,291,0
35,kennethtaylor@bankverify.net,Claim Your Reward Now,1,1,7,6,44,1
36,fmartin@company-secure.com,Project Update,0,1,4,0,247,0
37,joshua14@outlook.com,Your Password Will Expire,1,1,10,5,117,1
38,jonespatricia@bankverify.net,Invoice Attached,0,0,2,2,246,0
39,lwashington@paypal-alert.com,Meeting Reminder,1,0,5,2,261,0
40,annagutierrez@paypal-alert.com,Meeting Reminder,1,1,1,0,149,0
41,sarahrose@gmail.com,Project Update,0,0,3,0,283,0
42,hryan@company-secure.com,Weekly Newsletter,0,1,5,2,115,0
43,freemankimberly@outlook.com,Your Password Will Expire,1,1,8,4,64,1
44,brennanrichard@outlook.com,Weekly Newsletter,1,1,1,2,152,0
45,lisarichard@bankverify.net,Claim Your Reward Now,1,1,7,9,81,1
46,stewarttheresa@outlook.com,Invoice Attached,1,0,1,2,145,0
47,louisrodriguez@company-secure.com,Invoice Attached,1,0,5,2,145,0
48,phamcrystal@outlook.com,Suspicious Login Attempt,1,0,8,4,48,1
49,edwardsalex@company-secure.com,Claim Your Reward Now,1,1,8,3,40,1
50,joshua42@outlook.com,Bank Account Locked,1,0,8,4,118,1
51,ehopkins@paypal-alert.com,Invoice Attached,0,1,1,2,199,0
52,thomasdiaz@gmail.com,Meeting Reminder,0,0,5,1,114,0
53,katiebaker@outlook.com,Urgent Account Verification,1,1,7,10,65,1
54,williamrivers@company-secure.com,Suspicious Login Attempt,1,1,7,5,101,1
55,smithsteven@gmail.com,Weekly Newsletter,1,1,4,2,106,0
56,kellymiller@bankverify.net,Suspicious Login Attempt,1,0,8,5,86,1
57,hoodmary@gmail.com,Weekly Newsletter,0,1,4,0,268,0
58,charleslamb@bankverify.net,Suspicious Login Attempt,1,0,9,6,52,1
59,beverlyblackburn@gmail.com,Your Password Will Expire,1,1,9,6,76,1
60,roblesthomas@company-secure.com,Invoice Attached,0,0,3,1,153,0
61,taylorhutchinson@bankverify.net,Claim Your Reward Now,0,0,8,10,118,1
62,wallacekelsey@outlook.com,Bank Account Locked,1,0,10,3,39,1
63,yrobertson@bankverify.net,Bank Account Locked,1,1,8,5,37,1
64,nathaniel43@gmail.com,Meeting Reminder,0,0,4,2,99,0
65,vmelendez@company-secure.com,Invoice Attached,0,0,2,0,172,0
66,jennifermunoz@gmail.com,Meeting Reminder,0,1,3,0,156,0
67,wfoster@company-secure.com,Invoice Attached,0,0,2,2,293,0
68,matthew64@outlook.com,Suspicious Login Attempt,1,0,8,6,33,1
69,sharon88@outlook.com,Invoice Attached,1,0,1,2,190,0
70,ruth60@company-secure.com,Claim Your Reward Now,1,0,7,9,64,1
71,cynthia97@paypal-alert.com,Your Password Will Expire,0,0,10,6,106,1
72,ataylor@paypal-alert.com,Claim Your Reward Now,0,0,7,3,53,1
73,mwhite@bankverify.net,Weekly Newsletter,1,0,3,2,202,0
74,edwardsraymond@company-secure.com,Bank Account Locked,1,0,9,10,60,1
75,morgandavid@paypal-alert.com,Bank Account Locked,1,0,7,4,72,1
76,jill04@bankverify.net,Project Update,0,1,1,0,249,0
77,scottcooper@gmail.com,Project Update,1,1,3,1,140,0
78,oroman@gmail.com,Interview Schedule,1,0,3,0,147,0
79,mooreadrian@paypal-alert.com,Project Update,0,1,4,2,226,0
80,melissa06@gmail.com,Interview Schedule,0,1,4,0,107,0
81,terrence42@gmail.com,Interview Schedule,0,1,2,0,100,0
82,eallen@bankverify.net,Claim Your Reward Now,0,0,8,9,90,1
83,bushvanessa@gmail.com,Bank Account Locked,0,1,10,10,75,1
84,joel78@paypal-alert.com,Invoice Attached,1,1,2,2,84,0
85,hollyarias@company-secure.com,Urgent Account Verification,1,0,8,6,102,1
86,carlycurtis@outlook.com,Invoice Attached,1,1,5,2,108,0
87,sarahgomez@gmail.com,Invoice Attached,1,0,1,0,158,0
88,xjenkins@company-secure.com,Invoice Attached,0,0,4,2,172,0
89,timothy42@bankverify.net,Bank Account Locked,1,1,10,8,61,1
90,ucarroll@paypal-alert.com,Interview Schedule,1,1,2,0,106,0
91,anna71@paypal-alert.com,Suspicious Login Attempt,1,0,9,6,82,1
92,steven77@bankverify.net,Interview Schedule,1,1,2,0,219,0
93,mwilkinson@paypal-alert.com,Meeting Reminder,1,1,2,2,81,0
94,tinarodriguez@outlook.com,Urgent Account Verification,0,0,10,4,99,1
95,vblankenship@paypal-alert.com,Claim Your Reward Now,0,0,8,7,106,1
96,fishertodd@paypal-alert.com,Meeting Reminder,0,1,4,0,189,0
97,myersryan@bankverify.net,Meeting Reminder,1,0,1,0,265,0
98,gonzaleznicholas@outlook.com,Urgent Account Verification,1,0,7,5,51,1
99,nhernandez@company-secure.com,Project Update,0,0,5,1,119,0
100,longterry@company-secure.com,Bank Account Locked,1,1,8,6,46,1
101,neil49@outlook.com,Claim Your Reward Now,1,1,8,7,120,1
102,lramirez@company-secure.com,Claim Your Reward Now,0,1,10,6,24,1
103,juliaowens@company-secure.com,Meeting Reminder,0,1,4,2,296,0
104,uhenderson@company-secure.com,Weekly Newsletter,1,0,2,2,100,0
105,ojones@gmail.com,Weekly Newsletter,0,1,4,1,200,0
106,ayalamichael@company-secure.com,Weekly Newsletter,1,1,3,1,138,0
107,paul18@company-secure.com,Your Password Will Expire,1,1,8,6,82,1
108,craig00@company-secure.com,Interview Schedule,1,0,1,0,219,0
109,ugutierrez@company-secure.com,Bank Account Locked,1,0,7,4,54,1
110,lisa11@company-secure.com,Suspicious Login Attempt,1,0,9,4,113,1
111,gregoryowen@paypal-alert.com,Suspicious Login Attempt,0,0,8,5,81,1
112,hansengene@company-secure.com,Urgent Account Verification,1,1,7,10,73,1
113,lcain@bankverify.net,Weekly Newsletter,0,0,1,1,131,0
114,kjohnson@gmail.com,Invoice Attached,1,0,2,1,176,0
115,diana81@outlook.com,Project Update,1,0,4,1,115,0
116,snydermeagan@paypal-alert.com,Invoice Attached,1,0,1,0,189,0
117,gomezyvette@paypal-alert.com,Invoice Attached,1,1,1,1,247,0
118,torr@paypal-alert.com,Weekly Newsletter,0,0,1,0,140,0
119,kbrown@bankverify.net,Urgent Account Verification,1,1,9,7,92,1
120,valdezashley@gmail.com,Interview Schedule,0,0,5,0,127,0
121,ericmiller@paypal-alert.com,Suspicious Login Attempt,0,1,9,4,34,1
122,mendozaholly@gmail.com,Weekly Newsletter,1,0,2,1,89,0
123,james72@paypal-alert.com,Invoice Attached,1,0,5,2,187,0
124,olsonchristopher@paypal-alert.com,Urgent Account Verification,1,1,8,4,35,1
125,fostermichael@bankverify.net,Claim Your Reward Now,1,0,8,8,76,1
126,joshuahammond@bankverify.net,Invoice Attached,1,1,5,1,229,0
127,smithjulian@company-secure.com,Weekly Newsletter,1,0,2,1,274,0
128,devin77@gmail.com,Your Password Will Expire,1,1,9,3,58,1
129,yvettemelton@paypal-alert.com,Your Password Will Expire,1,1,7,7,101,1
130,traceymorse@company-secure.com,Project Update,0,1,2,0,90,0
131,khull@outlook.com,Claim Your Reward Now,1,1,8,5,37,1
132,cassandrabaker@outlook.com,Project Update,0,1,3,2,212,0
133,gordondawn@paypal-alert.com,Project Update,1,0,3,1,150,0
134,webbtony@outlook.com,Suspicious Login Attempt,1,0,8,9,50,1
135,ncarlson@bankverify.net,Project Update,1,0,1,1,211,0
136,andersondonald@bankverify.net,Project Update,1,0,3,0,148,0
137,nicolesaunders@outlook.com,Suspicious Login Attempt,1,1,8,9,89,1
138,nathanvelazquez@paypal-alert.com,Weekly Newsletter,0,0,2,1,154,0
139,gregory05@paypal-alert.com,Meeting Reminder,0,0,5,2,103,0
140,markkline@gmail.com,Weekly Newsletter,0,0,2,2,217,0
141,fbrown@company-secure.com,Interview Schedule,0,0,2,0,286,0
142,ashleyschultz@gmail.com,Invoice Attached,0,1,2,1,216,0
143,zglenn@bankverify.net,Invoice Attached,1,1,2,0,243,0
144,blopez@paypal-alert.com,Urgent Account Verification,0,0,8,5,95,1
145,candacegill@gmail.com,Invoice Attached,0,0,4,2,185,0
146,wrightjason@company-secure.com,Your Password Will Expire,1,0,9,6,37,1
147,fduncan@company-secure.com,Claim Your Reward Now,1,0,8,9,21,1
148,monicamiller@outlook.com,Meeting Reminder,1,0,2,2,212,0
149,xvazquez@company-secure.com,Interview Schedule,1,1,3,2,159,0
150,stephanie46@bankverify.net,Urgent Account Verification,0,1,7,10,96,1
151,jimmy17@outlook.com,Bank Account Locked,1,1,8,10,84,1
152,eharper@outlook.com,Weekly Newsletter,0,0,1,1,239,0
153,greenchristopher@paypal-alert.com,Weekly Newsletter,1,0,1,1,145,0
154,jacob54@company-secure.com,Meeting Reminder,0,0,5,1,86,0
155,megan18@company-secure.com,Suspicious Login Attempt,0,0,9,10,43,1
156,mariahponce@outlook.com,Interview Schedule,1,1,2,0,166,0
157,david85@company-secure.com,Claim Your Reward Now,1,0,8,10,80,1
158,kelly75@bankverify.net,Interview Schedule,1,0,3,2,273,0
159,kimberlydouglas@gmail.com,Invoice Attached,0,0,4,0,88,0
160,leslie98@paypal-alert.com,Meeting Reminder,1,0,4,2,251,0
161,danderson@gmail.com,Invoice Attached,1,1,2,2,262,0
162,mendozaaaron@bankverify.net,Claim Your Reward Now,1,1,8,8,101,1
163,jennifer48@bankverify.net,Claim Your Reward Now,1,1,8,4,91,1
164,sanchezmichael@gmail.com,Suspicious Login Attempt,0,0,7,3,35,1
165,paulahart@company-secure.com,Interview Schedule,1,1,3,1,257,0
166,cbrooks@paypal-alert.com,Invoice Attached,0,1,4,0,214,0
167,clarkpamela@company-secure.com,Urgent Account Verification,0,0,9,6,54,1
168,carrollchristopher@outlook.com,Urgent Account Verification,1,1,8,5,51,1
169,jefferyjohnson@bankverify.net,Meeting Reminder,0,1,3,2,134,0
170,ibarradawn@gmail.com,Your Password Will Expire,1,0,9,10,29,1
171,kevinnorman@paypal-alert.com,Invoice Attached,1,0,1,2,144,0
172,david94@outlook.com,Claim Your Reward Now,1,0,7,8,103,1
173,jonathan44@paypal-alert.com,Project Update,1,1,1,1,145,0
174,bcurtis@paypal-alert.com,Claim Your Reward Now,1,1,7,9,57,1
175,raymondwilliams@paypal-alert.com,Weekly Newsletter,1,1,2,1,194,0
176,amy43@company-secure.com,Invoice Attached,1,0,4,0,184,0
177,ethan41@bankverify.net,Your Password Will Expire,1,0,9,8,45,1
178,phill@gmail.com,Meeting Reminder,1,1,1,0,115,0
179,youngjuan@bankverify.net,Bank Account Locked,0,1,8,9,59,1
180,whamilton@company-secure.com,Meeting Reminder,1,1,5,2,175,0
181,david91@outlook.com,Invoice Attached,1,0,2,2,199,0
182,ryan06@bankverify.net,Interview Schedule,0,1,5,0,106,0
183,qkrueger@outlook.com,Meeting Reminder,1,1,1,2,296,0
184,amandaperry@company-secure.com,Meeting Reminder,1,1,5,2,273,0
185,patriciamorrison@company-secure.com,Invoice Attached,0,0,5,0,154,0
186,jermainehamilton@bankverify.net,Bank Account Locked,1,0,10,6,30,1
187,christopher73@outlook.com,Suspicious Login Attempt,1,0,9,10,48,1
188,adkinspamela@paypal-alert.com,Bank Account Locked,1,0,10,7,73,1
189,briancole@company-secure.com,Project Update,0,0,1,1,147,0
190,alicesantiago@company-secure.com,Project Update,0,0,5,1,189,0
191,rileyshirley@company-secure.com,Project Update,1,0,2,0,102,0
192,mwilliams@gmail.com,Bank Account Locked,0,1,10,9,115,1
193,andersonwillie@outlook.com,Your Password Will Expire,1,1,7,10,41,1
194,alexanderthompson@gmail.com,Meeting Reminder,0,1,2,1,123,0
195,chambersalex@company-secure.com,Bank Account Locked,0,1,10,6,70,1
196,john15@outlook.com,Interview Schedule,0,0,2,1,192,0
197,asalas@outlook.com,Bank Account Locked,0,0,10,3,57,1
198,walter02@gmail.com,Claim Your Reward Now,1,0,10,6,90,1
199,zvasquez@gmail.com,Bank Account Locked,1,1,9,5,25,1
200,nsmith@bankverify.net,Invoice Attached,0,1,4,0,188,0
201,hscott@paypal-alert.com,Suspicious Login Attempt,1,1,10,6,97,1
202,johnsonbrent@bankverify.net,Your Password Will Expire,1,1,7,9,119,1
203,josephpoole@company-secure.com,Weekly Newsletter,0,1,3,1,234,0
204,jeremycaldwell@company-secure.com,Claim Your Reward Now,1,1,8,9,64,1
205,hallabigail@company-secure.com,Urgent Account Verification,0,1,7,3,40,1
206,khoward@outlook.com,Claim Your Reward Now,1,1,8,5,85,1
207,pjackson@gmail.com,Interview Schedule,1,1,3,2,205,0
208,thomasricky@outlook.com,Bank Account Locked,1,0,7,8,25,1
209,margaretallen@company-secure.com,Interview Schedule,0,1,3,1,101,0
210,clairebrown@paypal-alert.com,Invoice Attached,0,1,4,0,187,0
211,nicolelivingston@company-secure.com,Project Update,0,1,2,1,85,0
212,qbaker@gmail.com,Claim Your Reward Now,0,1,9,3,60,1
213,qschmidt@gmail.com,Suspicious Login Attempt,1,0,7,6,30,1
214,james47@outlook.com,Invoice Attached,1,0,3,2,280,0
215,qleon@company-secure.com,Claim Your Reward Now,1,0,8,5,51,1
216,jpugh@paypal-alert.com,Project Update,1,1,4,0,161,0
217,thenderson@outlook.com,Urgent Account Verification,1,0,7,7,71,1
218,nicholasmueller@company-secure.com,Interview Schedule,0,1,3,2,81,0
219,jill57@bankverify.net,Bank Account Locked,1,1,7,3,71,1
220,denisedavis@bankverify.net,Urgent Account Verification,1,1,10,7,118,1
221,gsmith@paypal-alert.com,Suspicious Login Attempt,1,1,10,5,79,1
222,bbest@gmail.com,Claim Your Reward Now,0,0,10,7,57,1
223,adodson@paypal-alert.com,Weekly Newsletter,1,0,2,1,255,0
224,nicholasburns@paypal-alert.com,Project Update,0,0,4,0,83,0
225,james54@gmail.com,Urgent Account Verification,1,0,10,9,47,1
226,sydneykoch@bankverify.net,Project Update,0,1,4,0,297,0
227,maystracy@bankverify.net,Claim Your Reward Now,1,0,10,5,112,1
228,melanie08@outlook.com,Your Password Will Expire,0,0,10,4,119,1
229,mary02@outlook.com,Suspicious Login Attempt,1,0,10,4,49,1
230,roberthart@bankverify.net,Urgent Account Verification,0,1,7,8,78,1
231,smithana@paypal-alert.com,Suspicious Login Attempt,1,0,8,7,45,1
232,zbowen@bankverify.net,Suspicious Login Attempt,1,1,10,7,74,1
233,hopkinsderek@paypal-alert.com,Bank Account Locked,0,1,9,10,26,1
234,martinezerica@bankverify.net,Claim Your Reward Now,1,1,8,4,112,1
235,kevin71@bankverify.net,Bank Account Locked,1,0,9,7,107,1
236,jacob43@outlook.com,Suspicious Login Attempt,1,1,8,4,103,1
237,qcannon@paypal-alert.com,Urgent Account Verification,0,1,8,3,46,1
238,pbarrett@gmail.com,Invoice Attached,1,1,2,1,275,0
239,wilsonana@paypal-alert.com,Interview Schedule,1,0,4,1,231,0
240,jnewton@outlook.com,Weekly Newsletter,0,0,3,0,223,0
241,ricedaniel@paypal-alert.com,Interview Schedule,1,1,5,0,192,0
242,rojaschristopher@bankverify.net,Claim Your Reward Now,1,1,8,5,72,1
243,ovargas@bankverify.net,Invoice Attached,0,0,1,0,141,0
244,qsimmons@company-secure.com,Your Password Will Expire,1,1,8,4,64,1
245,iwhitaker@company-secure.com,Project Update,0,1,1,1,265,0
246,ericahudson@bankverify.net,Invoice Attached,1,0,5,2,209,0
247,rlopez@company-secure.com,Suspicious Login Attempt,1,0,10,5,53,1
248,cheryl28@outlook.com,Bank Account Locked,1,1,10,4,92,1
249,ndavidson@gmail.com,Your Password Will Expire,1,0,9,9,66,1
250,bellroger@gmail.com,Urgent Account Verification,1,1,9,6,34,1
251,williamsanna@outlook.com,Claim Your Reward Now,1,0,7,3,116,1
252,shelby44@outlook.com,Your Password Will Expire,1,0,10,5,80,1
253,annesmith@outlook.com,Interview Schedule,0,1,2,0,84,0
254,mphillips@paypal-alert.com,Invoice Attached,1,1,3,2,283,0
255,martinezmichael@company-secure.com,Your Password Will Expire,0,0,8,7,107,1
256,lesliesmith@gmail.com,Suspicious Login Attempt,1,1,7,10,65,1
257,eric39@outlook.com,Meeting Reminder,1,1,2,0,145,0
258,teresa91@gmail.com,Weekly Newsletter,1,1,3,1,116,0
259,sydneyryan@paypal-alert.com,Urgent Account Verification,1,0,8,9,118,1
260,ogeorge@bankverify.net,Invoice Attached,1,1,2,0,201,0
261,fdecker@gmail.com,Invoice Attached,0,0,5,0,206,0
262,david62@paypal-alert.com,Bank Account Locked,1,1,9,4,25,1
263,rrivera@paypal-alert.com,Suspicious Login Attempt,1,0,10,4,43,1
264,harveyandre@bankverify.net,Urgent Account Verification,1,0,8,7,92,1
265,randymartin@outlook.com,Claim Your Reward Now,1,1,9,10,58,1
266,tammy16@outlook.com,Weekly Newsletter,0,1,4,1,99,0
267,david66@company-secure.com,Invoice Attached,1,0,3,2,231,0
268,hwright@paypal-alert.com,Meeting Reminder,0,1,5,1,80,0
269,grahamdawn@outlook.com,Invoice Attached,0,0,4,2,199,0
270,aaronchapman@company-secure.com,Bank Account Locked,1,1,8,7,107,1
271,weisscollin@paypal-alert.com,Bank Account Locked,1,1,9,6,83,1
272,jordan55@company-secure.com,Weekly Newsletter,1,1,2,0,114,0
273,jacobsjonathan@company-secure.com,Your Password Will Expire,1,1,7,4,82,1
274,phillipgomez@company-secure.com,Project Update,1,0,2,2,128,0
275,smithmisty@paypal-alert.com,Suspicious Login Attempt,1,1,8,9,111,1
276,nancy51@paypal-alert.com,Meeting Reminder,1,1,3,0,241,0
277,joseph44@bankverify.net,Claim Your Reward Now,1,1,8,3,38,1
278,susan38@outlook.com,Interview Schedule,1,0,2,1,153,0
279,rileylucas@gmail.com,Invoice Attached,1,1,5,0,176,0
280,jerry07@company-secure.com,Weekly Newsletter,0,1,5,0,250,0
281,ortizsandra@company-secure.com,Urgent Account Verification,1,1,7,6,118,1
282,hwright@company-secure.com,Bank Account Locked,1,0,9,6,23,1
283,ibowman@bankverify.net,Weekly Newsletter,0,1,1,2,255,0
284,parkerwilliam@gmail.com,Claim Your Reward Now,1,0,8,3,112,1
285,morrowsue@paypal-alert.com,Your Password Will Expire,1,0,8,6,27,1
286,ijohnson@company-secure.com,Bank Account Locked,0,0,10,5,76,1
287,leesean@outlook.com,Suspicious Login Attempt,1,1,8,7,65,1
288,xmeadows@company-secure.com,Meeting Reminder,1,1,4,0,154,0
289,melissa87@bankverify.net,Interview Schedule,0,0,3,2,196,0
290,elizabethperez@outlook.com,Bank Account Locked,1,0,8,10,24,1
291,makayla38@outlook.com,Meeting Reminder,0,0,4,0,122,0
292,tonya83@paypal-alert.com,Meeting Reminder,1,0,5,0,127,0
293,justinstevens@bankverify.net,Project Update,1,0,5,0,96,0
294,robertbender@outlook.com,Your Password Will Expire,1,1,9,4,38,1
295,wdorsey@bankverify.net,Weekly Newsletter,0,0,1,2,98,0
296,zacharybrown@gmail.com,Claim Your Reward Now,1,1,10,8,85,1
297,bridget24@company-secure.com,Suspicious Login Attempt,0,0,10,5,101,1
298,walkerjennifer@company-secure.com,Claim Your Reward Now,1,1,8,7,64,1
299,seanlindsey@paypal-alert.com,Weekly Newsletter,1,1,2,1,83,0
300,irojas@outlook.com,Meeting Reminder,0,0,3,0,100,0
301,margaret87@bankverify.net,Meeting Reminder,0,0,1,2,168,0
302,cory15@gmail.com,Bank Account Locked,0,0,10,10,55,1
303,bglover@company-secure.com,Weekly Newsletter,1,0,2,2,112,0
304,crawfordjay@outlook.com,Claim Your Reward Now,0,0,10,7,43,1
305,ibruce@gmail.com,Suspicious Login Attempt,0,1,10,6,73,1
306,robert05@paypal-alert.com,Invoice Attached,0,1,2,0,193,0
307,swatson@bankverify.net,Urgent Account Verification,0,0,7,3,91,1
308,hmills@bankverify.net,Claim Your Reward Now,1,1,8,9,112,1
309,kevin64@outlook.com,Weekly Newsletter,1,1,4,1,280,0
310,greenecarlos@outlook.com,Suspicious Login Attempt,1,1,8,5,90,1
311,leslie32@paypal-alert.com,Claim Your Reward Now,1,0,7,7,35,1
312,vaustin@gmail.com,Invoice Attached,0,0,4,2,164,0
313,sellersjohn@gmail.com,Claim Your Reward Now,1,0,10,9,36,1
314,david05@bankverify.net,Invoice Attached,1,0,4,1,80,0
315,ronaldrivers@bankverify.net,Suspicious Login Attempt,1,1,10,9,82,1
316,scottbarry@gmail.com,Your Password Will Expire,1,0,8,3,98,1
317,nelsondana@paypal-alert.com,Weekly Newsletter,1,1,2,1,184,0
318,briannelson@bankverify.net,Project Update,1,1,5,0,259,0
319,josephanderson@outlook.com,Claim Your Reward Now,1,1,7,4,106,1
320,haydenchristopher@gmail.com,Meeting Reminder,1,0,1,1,288,0
321,charles46@outlook.com,Weekly Newsletter,1,1,2,0,264,0
322,nicolepatterson@gmail.com,Claim Your Reward Now,1,0,10,7,45,1
323,brian23@bankverify.net,Project Update,0,1,4,2,97,0
324,xcooper@company-secure.com,Meeting Reminder,0,1,4,1,172,0
325,drusso@company-secure.com,Interview Schedule,0,0,4,1,287,0
326,william19@paypal-alert.com,Suspicious Login Attempt,1,1,9,9,119,1
327,bradley38@bankverify.net,Invoice Attached,0,0,5,0,300,0
328,lschroeder@outlook.com,Project Update,0,0,2,2,134,0
329,jared55@gmail.com,Meeting Reminder,0,1,4,0,300,0
330,michaelkelly@outlook.com,Invoice Attached,1,0,2,2,244,0
331,smithchristina@outlook.com,Interview Schedule,0,0,4,0,149,0
332,alexander58@paypal-alert.com,Project Update,1,0,5,1,239,0
333,michele87@gmail.com,Claim Your Reward Now,1,0,8,10,79,1
334,david77@outlook.com,Claim Your Reward Now,1,1,10,6,99,1
335,davidsonkristina@gmail.com,Weekly Newsletter,1,1,3,0,147,0
336,michaelklein@company-secure.com,Bank Account Locked,0,0,8,7,32,1
337,greensue@outlook.com,Weekly Newsletter,0,1,4,1,179,0
338,qpierce@outlook.com,Weekly Newsletter,1,0,3,1,256,0
339,qnguyen@company-secure.com,Interview Schedule,0,1,3,0,275,0
340,zrose@gmail.com,Meeting Reminder,0,1,3,2,146,0
341,xjordan@bankverify.net,Meeting Reminder,1,1,1,1,295,0
342,vangkerri@bankverify.net,Claim Your Reward Now,0,1,9,9,21,1
343,ljohnson@gmail.com,Suspicious Login Attempt,1,1,10,8,120,1
344,qaguilar@gmail.com,Meeting Reminder,0,0,2,0,96,0
345,wheelerjordan@outlook.com,Invoice Attached,0,0,1,1,294,0
346,heathermcdonald@paypal-alert.com,Invoice Attached,1,0,3,2,210,0
347,richardgraves@bankverify.net,Invoice Attached,1,1,3,2,85,0
348,washingtonspencer@paypal-alert.com,Project Update,0,0,1,0,83,0
349,chadmyers@paypal-alert.com,Project Update,0,0,4,0,144,0
350,hmcintyre@company-secure.com,Bank Account Locked,0,0,10,9,96,1
351,heatherjones@gmail.com,Claim Your Reward Now,1,1,10,4,112,1
352,timothy08@paypal-alert.com,Interview Schedule,1,1,5,0,155,0
353,ghopkins@bankverify.net,Weekly Newsletter,0,1,3,0,248,0
354,shelbymoore@gmail.com,Suspicious Login Attempt,1,1,8,8,63,1
355,sherryking@gmail.com,Bank Account Locked,1,0,8,4,60,1
356,pturner@company-secure.com,Your Password Will Expire,1,0,9,6,49,1
357,brenda77@bankverify.net,Suspicious Login Attempt,1,0,10,4,89,1
358,whitney09@outlook.com,Interview Schedule,1,0,5,0,126,0
359,brandon48@outlook.com,Meeting Reminder,0,0,4,1,160,0
360,ashley96@paypal-alert.com,Bank Account Locked,1,1,10,5,42,1
361,jonesmichelle@gmail.com,Project Update,1,1,5,1,263,0
362,lauraruiz@company-secure.com,Weekly Newsletter,1,1,2,0,218,0
363,christopherbush@outlook.com,Claim Your Reward Now,1,1,10,8,28,1
364,brandon31@gmail.com,Urgent Account Verification,0,1,9,10,42,1
365,jeffersonlinda@gmail.com,Meeting Reminder,1,1,2,1,91,0
366,jeffedwards@paypal-alert.com,Invoice Attached,1,1,4,0,299,0
367,washingtonjoshua@outlook.com,Meeting Reminder,0,0,4,0,160,0
368,darrellbradley@paypal-alert.com,Claim Your Reward Now,0,0,10,8,77,1
369,schultzmichael@bankverify.net,Project Update,1,0,3,1,298,0
370,brittany38@paypal-alert.com,Suspicious Login Attempt,1,0,7,9,36,1
371,seanbell@outlook.com,Invoice Attached,0,0,3,2,243,0
372,angela30@outlook.com,Bank Account Locked,1,0,8,5,58,1
373,ashleydaniel@bankverify.net,Project Update,1,1,3,0,228,0
374,jimenezraymond@company-secure.com,Interview Schedule,1,0,3,2,195,0
375,sean21@paypal-alert.com,Meeting Reminder,0,0,2,2,204,0
376,heather36@outlook.com,Meeting Reminder,1,1,3,1,194,0
377,mholder@company-secure.com,Weekly Newsletter,0,0,1,2,205,0
378,bryantedward@paypal-alert.com,Interview Schedule,1,1,1,1,170,0
379,parsonstheodore@outlook.com,Meeting Reminder,1,1,3,0,267,0
380,collinbrooks@company-secure.com,Urgent Account Verification,1,1,10,4,81,1
381,icooley@paypal-alert.com,Urgent Account Verification,1,1,10,7,116,1
382,jking@paypal-alert.com,Weekly Newsletter,1,0,1,0,138,0
383,wjohnston@bankverify.net,Bank Account Locked,1,1,8,8,61,1
384,torresdebbie@outlook.com,Suspicious Login Attempt,0,0,10,6,108,1
385,emercer@bankverify.net,Interview Schedule,0,0,2,2,189,0
386,pmichael@paypal-alert.com,Your Password Will Expire,1,0,8,10,89,1
387,zgraham@bankverify.net,Claim Your Reward Now,1,1,7,3,45,1
388,sanchezmatthew@outlook.com,Claim Your Reward Now,1,0,10,10,78,1
389,andreamontoya@gmail.com,Bank Account Locked,1,0,10,6,22,1
390,ngraves@outlook.com,Interview Schedule,1,1,3,1,208,0
391,logansheri@company-secure.com,Meeting Reminder,0,0,3,1,300,0
392,ramosmark@gmail.com,Claim Your Reward Now,0,0,9,9,97,1
393,wwells@outlook.com,Weekly Newsletter,1,0,4,2,290,0
394,xhenderson@outlook.com,Urgent Account Verification,1,0,8,9,76,1
395,dianabrady@company-secure.com,Project Update,0,0,5,0,253,0
396,jennifer88@bankverify.net,Bank Account Locked,0,1,7,6,79,1
397,joshua91@gmail.com,Meeting Reminder,0,1,3,1,83,0
398,stacey71@bankverify.net,Your Password Will Expire,1,0,7,3,59,1
399,keith02@gmail.com,Project Update,0,1,3,0,277,0
400,patrick85@paypal-alert.com,Bank Account Locked,0,0,7,9,56,1
401,melanie62@gmail.com,Invoice Attached,1,1,5,0,215,0
402,owheeler@outlook.com,Urgent Account Verification,1,1,9,9,55,1
403,pgarcia@paypal-alert.com,Interview Schedule,1,1,3,2,149,0
404,ryanhughes@company-secure.com,Meeting Reminder,1,1,3,0,222,0
405,eric87@bankverify.net,Urgent Account Verification,0,1,8,8,85,1
406,smurray@gmail.com,Invoice Attached,0,1,3,1,279,0
407,kkeith@outlook.com,Interview Schedule,0,1,2,2,242,0
408,mcdonaldjoanne@paypal-alert.com,Meeting Reminder,0,1,5,1,110,0
409,ymorrison@gmail.com,Weekly Newsletter,0,0,3,0,287,0
410,catherinemayo@gmail.com,Weekly Newsletter,0,0,3,0,289,0
411,johnsuarez@gmail.com,Bank Account Locked,1,0,10,8,42,1
412,rachel11@bankverify.net,Interview Schedule,0,0,1,1,101,0
413,henrymarie@company-secure.com,Invoice Attached,1,1,4,0,176,0
414,larry61@company-secure.com,Meeting Reminder,1,1,1,1,211,0
415,fisherjoseph@gmail.com,Weekly Newsletter,0,0,5,0,280,0
416,edunn@company-secure.com,Project Update,0,1,1,2,265,0
417,travisbrennan@outlook.com,Claim Your Reward Now,1,1,9,3,63,1
418,robertanderson@outlook.com,Weekly Newsletter,1,1,5,0,159,0
419,tiffanycurtis@bankverify.net,Interview Schedule,0,0,2,1,83,0
420,wdecker@paypal-alert.com,Meeting Reminder,1,1,5,2,204,0
421,hartmanrobert@gmail.com,Invoice Attached,1,0,1,0,114,0
422,levyalex@gmail.com,Interview Schedule,0,1,1,1,264,0
423,patrick88@gmail.com,Your Password Will Expire,1,1,9,7,78,1
424,higginscarmen@bankverify.net,Your Password Will Expire,0,1,8,10,76,1
425,jonesgeorge@bankverify.net,Weekly Newsletter,1,1,2,2,246,0
426,christinefields@outlook.com,Suspicious Login Attempt,0,0,10,8,111,1
427,juarezjennifer@bankverify.net,Suspicious Login Attempt,1,0,10,4,60,1
428,thomashale@bankverify.net,Meeting Reminder,0,1,1,1,155,0
429,obaker@paypal-alert.com,Your Password Will Expire,1,0,7,7,71,1
430,alisonconrad@company-secure.com,Claim Your Reward Now,1,0,9,3,119,1
431,xwright@gmail.com,Claim Your Reward Now,1,1,8,6,55,1
432,burnslee@bankverify.net,Bank Account Locked,1,1,8,10,111,1
433,wdoyle@bankverify.net,Suspicious Login Attempt,1,1,8,3,39,1
434,gregoryhooper@outlook.com,Project Update,1,1,5,1,249,0
435,devinmcbride@gmail.com,Your Password Will Expire,0,1,9,9,91,1
436,miguel91@company-secure.com,Meeting Reminder,0,1,4,2,136,0
437,ajacobs@paypal-alert.com,Bank Account Locked,0,1,10,4,35,1
438,zwhite@bankverify.net,Invoice Attached,1,1,2,0,233,0
439,jvaughn@paypal-alert.com,Project Update,1,1,1,2,145,0
440,kvelasquez@paypal-alert.com,Meeting Reminder,0,1,5,1,121,0
441,jayholmes@bankverify.net,Weekly Newsletter,1,1,3,1,145,0
442,stephaniewebster@paypal-alert.com,Weekly Newsletter,0,0,3,1,157,0
443,richarddaniel@company-secure.com,Suspicious Login Attempt,0,0,7,9,48,1
444,yhendrix@outlook.com,Bank Account Locked,1,0,8,7,71,1
445,willieriley@gmail.com,Claim Your Reward Now,1,1,9,4,100,1
446,spencer81@paypal-alert.com,Claim Your Reward Now,1,1,8,4,106,1
447,carlfields@gmail.com,Urgent Account Verification,1,1,8,9,56,1
448,lisawiggins@bankverify.net,Interview Schedule,0,1,4,1,185,0
449,amanda74@outlook.com,Suspicious Login Attempt,1,1,8,5,41,1
450,dorothylove@paypal-alert.com,Meeting Reminder,1,1,3,1,92,0
451,kathrynreyes@bankverify.net,Interview Schedule,1,1,4,2,193,0
452,rmichael@outlook.com,Bank Account Locked,1,1,10,3,27,1
453,alexa03@outlook.com,Claim Your Reward Now,1,0,10,3,113,1
454,haley13@bankverify.net,Claim Your Reward Now,1,0,8,7,44,1
455,cole54@company-secure.com,Suspicious Login Attempt,1,1,7,10,75,1
456,heidimendoza@gmail.com,Meeting Reminder,1,0,4,0,140,0
457,johnathan21@bankverify.net,Weekly Newsletter,0,1,3,1,293,0
458,jacquelineelliott@outlook.com,Interview Schedule,0,1,5,1,102,0
459,moconnor@paypal-alert.com,Invoice Attached,1,1,2,1,174,0
460,freemankaylee@company-secure.com,Invoice Attached,0,0,2,2,238,0
461,davissteven@paypal-alert.com,Urgent Account Verification,1,0,9,3,92,1
462,elizabethwalker@paypal-alert.com,Meeting Reminder,0,1,5,0,201,0
463,kimberlygreene@company-secure.com,Claim Your Reward Now,1,0,8,7,120,1
464,gbailey@gmail.com,Your Password Will Expire,1,1,7,4,105,1
465,allensheila@gmail.com,Weekly Newsletter,1,0,1,1,102,0
466,ebony26@paypal-alert.com,Interview Schedule,1,1,2,2,131,0
467,marissa04@outlook.com,Urgent Account Verification,1,0,8,5,75,1
468,tcurtis@outlook.com,Invoice Attached,1,0,1,2,119,0
469,qcollins@gmail.com,Bank Account Locked,0,1,9,9,22,1
470,carlos23@paypal-alert.com,Claim Your Reward Now,0,0,7,3,29,1
471,rfranco@company-secure.com,Urgent Account Verification,0,0,10,7,71,1
472,vowens@bankverify.net,Interview Schedule,1,0,5,2,124,0
473,sheltonmelissa@paypal-alert.com,Suspicious Login Attempt,1,1,10,8,58,1
474,cmccullough@paypal-alert.com,Weekly Newsletter,0,0,4,2,279,0
475,brittanyjohnson@bankverify.net,Weekly Newsletter,1,0,4,2,152,0
476,jennyboyle@gmail.com,Urgent Account Verification,0,1,7,8,116,1
477,jasmine16@outlook.com,Invoice Attached,1,0,3,2,291,0
478,trowland@gmail.com,Suspicious Login Attempt,0,0,8,3,88,1
479,nicholasjones@outlook.com,Your Password Will Expire,0,1,9,3,26,1
480,vedwards@paypal-alert.com,Suspicious Login Attempt,1,1,10,4,64,1
481,christina11@company-secure.com,Your Password Will Expire,0,0,7,7,92,1
482,chadallen@bankverify.net,Claim Your Reward Now,1,0,7,6,112,1
483,browningmatthew@gmail.com,Weekly Newsletter,0,1,4,0,186,0
484,martin33@bankverify.net,Invoice Attached,1,0,5,2,248,0
485,medinajames@outlook.com,Bank Account Locked,1,1,9,6,42,1
486,carriesmith@company-secure.com,Interview Schedule,1,1,1,2,292,0
487,bfox@bankverify.net,Your Password Will Expire,1,1,9,7,101,1
488,jodyhernandez@outlook.com,Interview Schedule,1,0,2,2,105,0
489,audrey08@bankverify.net,Meeting Reminder,0,1,5,0,244,0
490,ronald99@gmail.com,Urgent Account Verification,1,0,9,6,92,1
491,garcialisa@bankverify.net,Interview Schedule,0,0,4,2,270,0
492,dylan82@paypal-alert.com,Your Password Will Expire,1,0,7,7,55,1
493,pacheconancy@gmail.com,Project Update,0,0,2,0,165,0
494,juancoleman@bankverify.net,Interview Schedule,1,0,5,0,257,0
495,david49@bankverify.net,Invoice Attached,0,1,3,0,277,0
496,christopher14@outlook.com,Project Update,0,1,5,1,269,0
497,alexandermonica@outlook.com,Claim Your Reward Now,1,0,7,5,85,1
498,pamelawilliams@paypal-alert.com,Claim Your Reward Now,1,0,7,5,81,1
499,ihernandez@bankverify.net,Project Update,0,1,2,1,96,0
500,randy74@paypal-alert.com,Your Password Will Expire,0,1,7,7,46,1
501,diana54@bankverify.net,Suspicious Login Attempt,0,0,8,7,50,1
502,vanessa52@company-secure.com,Invoice Attached,0,1,4,1,216,0
503,newtonrick@company-secure.com,Suspicious Login Attempt,1,0,8,6,110,1
504,wheelerchristina@bankverify.net,Claim Your Reward Now,1,0,9,7,34,1
505,glovergeorge@company-secure.com,Project Update,1,0,1,2,293,0
506,dgarcia@bankverify.net,Suspicious Login Attempt,1,1,9,5,40,1
507,jamesbarnett@gmail.com,Invoice Attached,1,0,5,0,190,0
508,ikerr@company-secure.com,Meeting Reminder,1,0,2,2,100,0
509,pattersonmelissa@outlook.com,Project Update,0,1,4,0,83,0
510,noahmoore@company-secure.com,Bank Account Locked,1,1,8,4,81,1
511,isimmons@paypal-alert.com,Bank Account Locked,1,1,9,5,30,1
512,tylerjones@paypal-alert.com,Your Password Will Expire,1,0,9,8,98,1
513,joshuamurray@outlook.com,Meeting Reminder,1,0,1,2,173,0
514,vazquezmichelle@outlook.com,Your Password Will Expire,1,0,8,9,91,1
515,jonesluis@company-secure.com,Suspicious Login Attempt,1,1,7,9,56,1
516,carlwalker@bankverify.net,Invoice Attached,1,0,5,2,299,0
517,nscott@bankverify.net,Your Password Will Expire,1,1,7,10,64,1
518,asullivan@paypal-alert.com,Bank Account Locked,1,0,9,7,70,1
519,jlewis@outlook.com,Project Update,1,0,5,0,219,0
520,kimberly71@paypal-alert.com,Meeting Reminder,1,1,4,2,231,0
521,parkerkiara@company-secure.com,Suspicious Login Attempt,1,1,7,7,115,1
522,brittany02@outlook.com,Suspicious Login Attempt,0,1,7,3,22,1
523,ysmith@gmail.com,Your Password Will Expire,1,0,7,8,107,1
524,michaelhenry@gmail.com,Urgent Account Verification,1,0,8,6,78,1
525,palmerkevin@paypal-alert.com,Invoice Attached,0,0,5,2,135,0
526,tonyherrera@company-secure.com,Suspicious Login Attempt,1,0,10,8,39,1
527,karengilbert@company-secure.com,Urgent Account Verification,1,0,7,4,103,1
528,whitakersharon@company-secure.com,Weekly Newsletter,0,0,3,2,283,0
529,amy37@outlook.com,Weekly Newsletter,0,1,3,1,232,0
530,nicholas94@outlook.com,Meeting Reminder,0,1,4,1,184,0
531,william36@outlook.com,Urgent Account Verification,1,0,7,7,96,1
532,gtorres@paypal-alert.com,Invoice Attached,1,0,1,0,288,0
533,rstevenson@outlook.com,Meeting Reminder,1,0,3,0,197,0
534,alicia24@gmail.com,Suspicious Login Attempt,0,0,9,8,34,1
535,sophia59@outlook.com,Claim Your Reward Now,1,0,10,7,103,1
536,caitlynbanks@paypal-alert.com,Interview Schedule,1,0,3,0,175,0
537,antonio64@paypal-alert.com,Meeting Reminder,0,1,1,2,105,0
538,megan01@gmail.com,Your Password Will Expire,1,0,7,7,99,1
539,richard33@paypal-alert.com,Meeting Reminder,0,1,5,0,106,0
540,timothybrown@gmail.com,Weekly Newsletter,1,0,1,2,188,0
541,ldoyle@outlook.com,Weekly Newsletter,0,0,1,0,272,0
542,tracy40@outlook.com,Invoice Attached,0,1,2,0,252,0
543,cooleyjamie@paypal-alert.com,Weekly Newsletter,0,0,5,2,290,0
544,robincole@bankverify.net,Suspicious Login Attempt,1,0,10,10,25,1
545,gedwards@outlook.com,Claim Your Reward Now,0,1,9,5,102,1
546,sotojennifer@bankverify.net,Your Password Will Expire,0,1,7,7,120,1
547,williamsalicia@bankverify.net,Claim Your Reward Now,1,1,10,3,82,1
548,sabrina53@paypal-alert.com,Bank Account Locked,1,1,8,5,55,1
549,qsalazar@gmail.com,Interview Schedule,1,1,1,2,270,0
550,richardsonalyssa@outlook.com,Project Update,0,0,5,1,104,0
551,jasonortiz@outlook.com,Claim Your Reward Now,1,0,8,5,92,1
552,michael46@bankverify.net,Weekly Newsletter,0,0,4,0,193,0
553,vanessa31@paypal-alert.com,Interview Schedule,1,0,5,1,284,0
554,zglenn@paypal-alert.com,Interview Schedule,0,1,5,2,142,0
555,edward66@company-secure.com,Weekly Newsletter,0,1,3,1,125,0
556,brittanycampbell@gmail.com,Project Update,0,0,4,0,254,0
557,comptonkyle@outlook.com,Invoice Attached,1,1,1,2,177,0
558,amyjones@paypal-alert.com,Invoice Attached,0,0,4,2,191,0
559,bcasey@outlook.com,Project Update,1,1,4,2,139,0
560,jmitchell@outlook.com,Urgent Account Verification,1,0,8,7,54,1
561,steven29@company-secure.com,Suspicious Login Attempt,1,0,7,8,74,1
562,hlopez@paypal-alert.com,Bank Account Locked,1,0,8,5,71,1
563,pamela91@company-secure.com,Invoice Attached,0,1,4,1,254,0
564,morganchristopher@company-secure.com,Weekly Newsletter,0,1,1,2,147,0
565,kathleengaines@gmail.com,Claim Your Reward Now,1,1,7,9,62,1
566,destinyobrien@gmail.com,Claim Your Reward Now,1,1,10,10,77,1
567,llamb@paypal-alert.com,Your Password Will Expire,1,0,10,8,41,1
568,anthonylee@paypal-alert.com,Weekly Newsletter,0,1,4,1,205,0
569,hamiltonjeffery@paypal-alert.com,Suspicious Login Attempt,1,0,7,8,40,1
570,hudsonricky@gmail.com,Project Update,1,1,2,0,134,0
571,carrillowilliam@outlook.com,Weekly Newsletter,1,0,1,0,95,0
572,sgarcia@paypal-alert.com,Your Password Will Expire,1,0,8,4,74,1
573,bbutler@company-secure.com,Claim Your Reward Now,0,1,8,8,41,1
574,richardsonanthony@outlook.com,Suspicious Login Attempt,1,1,8,5,73,1
575,hklein@outlook.com,Suspicious Login Attempt,1,1,8,3,61,1
576,millermarissa@gmail.com,Project Update,1,0,3,0,250,0
577,diana06@gmail.com,Invoice Attached,1,0,1,1,253,0
578,benjaminpope@gmail.com,Meeting Reminder,0,1,3,1,234,0
579,marklindsey@company-secure.com,Claim Your Reward Now,0,1,8,5,69,1
580,bryanwatts@outlook.com,Claim Your Reward Now,1,0,10,3,96,1
581,fedwards@gmail.com,Invoice Attached,1,0,4,2,192,0
582,josephmatthew@outlook.com,Invoice Attached,0,0,5,0,233,0
583,kaylacook@gmail.com,Interview Schedule,0,0,3,0,112,0
584,mary67@outlook.com,Invoice Attached,1,1,4,1,275,0
585,wilkinschristopher@outlook.com,Weekly Newsletter,1,1,4,1,102,0
586,pnguyen@bankverify.net,Project Update,1,0,2,2,245,0
587,blakejohns@gmail.com,Your Password Will Expire,0,1,8,6,120,1
588,william25@gmail.com,Suspicious Login Attempt,1,1,10,3,76,1
589,castropatricia@paypal-alert.com,Meeting Reminder,1,0,2,2,300,0
590,xmorales@paypal-alert.com,Urgent Account Verification,1,0,9,3,102,1
591,sandra22@company-secure.com,Bank Account Locked,1,0,9,4,81,1
592,dickersonjoshua@company-secure.com,Bank Account Locked,1,1,7,10,86,1
593,robertsalazar@company-secure.com,Meeting Reminder,0,1,3,1,168,0
594,bibarra@outlook.com,Claim Your Reward Now,0,0,8,8,52,1
595,icarson@company-secure.com,Claim Your Reward Now,0,0,7,6,27,1
596,tammydickerson@paypal-alert.com,Project Update,1,1,1,0,231,0
597,zbrown@paypal-alert.com,Your Password Will Expire,1,0,8,9,70,1
598,fross@paypal-alert.com,Weekly Newsletter,0,0,3,1,237,0
599,paul73@paypal-alert.com,Invoice Attached,0,0,5,2,195,0
600,joshua86@gmail.com,Meeting Reminder,1,0,2,1,208,0
601,thomas11@paypal-alert.com,Interview Schedule,1,1,3,1,231,0
602,nwright@gmail.com,Urgent Account Verification,1,0,8,3,29,1
603,jessemaldonado@company-secure.com,Suspicious Login Attempt,1,0,7,10,74,1
604,kevinward@gmail.com,Your Password Will Expire,1,1,8,5,89,1
605,barnettlisa@outlook.com,Claim Your Reward Now,1,1,8,6,54,1
606,derekalvarez@bankverify.net,Urgent Account Verification,0,1,8,8,81,1
607,ericamack@outlook.com,Claim Your Reward Now,1,0,8,4,25,1
608,rblack@outlook.com,Suspicious Login Attempt,0,0,8,5,107,1
609,patrick53@bankverify.net,Interview Schedule,0,1,4,2,269,0
610,guzmanrebecca@company-secure.com,Interview Schedule,0,1,4,1,252,0
611,angelaferguson@paypal-alert.com,Invoice Attached,1,0,3,1,197,0
612,kenneth06@outlook.com,Invoice Attached,0,1,3,2,240,0
613,millermary@gmail.com,Interview Schedule,1,1,5,2,92,0
614,catherine27@company-secure.com,Claim Your Reward Now,1,0,8,4,36,1
615,qmorrison@company-secure.com,Meeting Reminder,1,0,3,0,175,0
616,robertsonfrederick@gmail.com,Invoice Attached,1,1,2,2,101,0
617,bradleyneal@company-secure.com,Interview Schedule,1,0,4,2,192,0
618,christopher88@outlook.com,Weekly Newsletter,0,1,5,2,210,0
619,david19@outlook.com,Suspicious Login Attempt,1,1,10,5,98,1
620,pollardkarina@bankverify.net,Interview Schedule,1,0,2,2,293,0
621,waltonraymond@company-secure.com,Suspicious Login Attempt,1,1,10,3,79,1
622,aandrade@bankverify.net,Urgent Account Verification,1,1,7,6,96,1
623,johnsonryan@paypal-alert.com,Interview Schedule,0,1,1,1,194,0
624,kathleen05@paypal-alert.com,Urgent Account Verification,0,1,7,6,79,1
625,pdiaz@paypal-alert.com,Bank Account Locked,1,1,8,10,66,1
626,robinsonpatrick@gmail.com,Bank Account Locked,1,1,10,6,25,1
627,williamsrachel@bankverify.net,Your Password Will Expire,1,0,10,4,60,1
628,kknight@gmail.com,Urgent Account Verification,1,0,10,7,90,1
629,rkim@bankverify.net,Project Update,0,0,5,0,238,0
630,laurenblanchard@outlook.com,Claim Your Reward Now,1,0,8,5,65,1
631,nealedward@bankverify.net,Weekly Newsletter,0,0,5,0,119,0
632,bensongary@gmail.com,Your Password Will Expire,1,0,10,4,24,1
633,ealexander@outlook.com,Weekly Newsletter,1,1,4,2,267,0
634,figueroadustin@outlook.com,Interview Schedule,1,0,4,2,295,0
635,lisa11@paypal-alert.com,Invoice Attached,0,1,2,0,233,0
636,maxwelljulie@company-secure.com,Interview Schedule,1,0,2,0,238,0
637,barbarahurley@outlook.com,Claim Your Reward Now,0,1,8,5,99,1
638,rebecca24@paypal-alert.com,Claim Your Reward Now,1,0,9,3,80,1
639,nelsonlisa@bankverify.net,Urgent Account Verification,0,1,7,6,105,1
640,bjones@company-secure.com,Claim Your Reward Now,1,1,8,3,51,1
641,fcameron@company-secure.com,Bank Account Locked,1,1,8,6,29,1
642,paul23@bankverify.net,Suspicious Login Attempt,0,1,10,9,79,1
643,garciarichard@outlook.com,Your Password Will Expire,0,1,9,8,61,1
644,lori94@outlook.com,Meeting Reminder,1,0,3,0,174,0
645,wagnerdustin@outlook.com,Suspicious Login Attempt,1,1,7,4,63,1
646,tracychurch@gmail.com,Claim Your Reward Now,1,1,9,3,91,1
647,solomonaaron@gmail.com,Bank Account Locked,1,1,9,3,96,1
648,rebecca27@bankverify.net,Your Password Will Expire,1,0,9,9,110,1
649,drivera@gmail.com,Meeting Reminder,0,0,2,1,155,0
650,jennifer62@gmail.com,Bank Account Locked,0,1,9,6,51,1
651,bowersjenna@company-secure.com,Claim Your Reward Now,0,1,7,3,37,1
652,villanuevasara@outlook.com,Invoice Attached,1,1,5,1,174,0
653,eschneider@paypal-alert.com,Suspicious Login Attempt,0,1,8,9,55,1
654,andersonmegan@company-secure.com,Invoice Attached,0,0,4,2,214,0
655,yburns@bankverify.net,Weekly Newsletter,1,1,1,1,87,0
656,nataliesmith@gmail.com,Claim Your Reward Now,1,0,10,10,71,1
657,kathleenmatthews@company-secure.com,Urgent Account Verification,1,1,9,5,113,1
658,cmartin@company-secure.com,Claim Your Reward Now,1,1,8,8,115,1
659,quinnwilliam@company-secure.com,Urgent Account Verification,1,1,9,7,99,1
660,ywilliams@paypal-alert.com,Bank Account Locked,1,1,9,9,53,1
661,matthewhendricks@bankverify.net,Interview Schedule,0,1,4,0,282,0
662,cmartin@outlook.com,Interview Schedule,1,0,4,2,215,0
663,corey11@paypal-alert.com,Bank Account Locked,1,0,7,10,32,1
664,lwilkinson@gmail.com,Meeting Reminder,0,1,2,2,237,0
665,beststeven@gmail.com,Interview Schedule,1,1,2,0,155,0
666,jcole@company-secure.com,Invoice Attached,1,1,1,0,217,0
667,awilliamson@bankverify.net,Suspicious Login Attempt,1,1,10,9,66,1
668,jackie49@bankverify.net,Your Password Will Expire,1,0,7,4,117,1
669,michael95@outlook.com,Urgent Account Verification,1,1,7,7,71,1
670,calvinreed@gmail.com,Project Update,0,1,2,0,90,0
671,timothy23@outlook.com,Meeting Reminder,0,0,5,2,277,0
672,kdeleon@company-secure.com,Bank Account Locked,1,1,10,6,65,1
673,bellbrittany@gmail.com,Project Update,0,0,4,0,285,0
674,karen47@outlook.com,Weekly Newsletter,1,1,3,0,209,0
675,nfitzpatrick@gmail.com,Weekly Newsletter,0,0,1,0,270,0
676,karen13@gmail.com,Bank Account Locked,1,0,7,8,109,1
677,joshuaking@company-secure.com,Interview Schedule,0,0,5,0,86,0
678,jesserivera@company-secure.com,Your Password Will Expire,1,1,8,3,49,1
679,otownsend@gmail.com,Bank Account Locked,1,1,8,7,32,1
680,gberry@gmail.com,Bank Account Locked,0,0,10,8,83,1
681,fday@company-secure.com,Urgent Account Verification,1,1,10,10,54,1
682,shannon69@bankverify.net,Weekly Newsletter,0,1,4,0,296,0
683,jacksoncourtney@company-secure.com,Project Update,0,1,5,2,293,0
684,glopez@gmail.com,Invoice Attached,1,0,1,2,219,0
685,martinkelley@gmail.com,Meeting Reminder,1,0,4,2,200,0
686,jsanders@bankverify.net,Invoice Attached,1,0,5,1,179,0
687,wattsamanda@bankverify.net,Your Password Will Expire,1,1,9,7,83,1
688,christinamiller@paypal-alert.com,Your Password Will Expire,1,0,10,9,110,1
689,qnoble@company-secure.com,Project Update,1,0,4,2,82,0
690,smithkathy@paypal-alert.com,Invoice Attached,0,0,1,0,181,0
691,laura08@outlook.com,Suspicious Login Attempt,1,0,8,9,74,1
692,lukerobbins@company-secure.com,Meeting Reminder,1,0,2,0,101,0
693,jsmith@paypal-alert.com,Meeting Reminder,0,1,4,2,205,0
694,tanya40@outlook.com,Project Update,0,1,4,2,259,0
695,watsoncharlene@gmail.com,Claim Your Reward Now,1,0,9,8,100,1
696,hmartinez@gmail.com,Urgent Account Verification,0,1,9,9,118,1
697,edwardsjonathan@outlook.com,Claim Your Reward Now,1,0,10,7,65,1
698,flawson@outlook.com,Interview Schedule,1,0,3,1,154,0
699,david62@bankverify.net,Bank Account Locked,1,1,9,4,99,1
700,lindseydana@bankverify.net,Weekly Newsletter,1,1,4,0,231,0
701,obaker@bankverify.net,Claim Your Reward Now,0,1,7,8,117,1
702,cbaker@paypal-alert.com,Project Update,0,1,3,1,132,0
703,ohughes@outlook.com,Meeting Reminder,0,0,1,1,89,0
704,carl60@outlook.com,Weekly Newsletter,1,1,3,1,226,0
705,simpsondenise@paypal-alert.com,Weekly Newsletter,0,1,4,0,160,0
706,sarah49@bankverify.net,Suspicious Login Attempt,0,1,10,7,47,1
707,stephen94@paypal-alert.com,Bank Account Locked,1,0,9,5,48,1
708,perezkatie@company-secure.com,Bank Account Locked,1,1,9,6,69,1
709,waltersjennifer@paypal-alert.com,Suspicious Login Attempt,1,0,7,10,49,1
710,jrose@paypal-alert.com,Meeting Reminder,0,1,2,2,226,0
711,lindsay34@gmail.com,Bank Account Locked,0,1,7,5,32,1
712,wlopez@bankverify.net,Suspicious Login Attempt,1,1,7,10,88,1
713,taylorshane@company-secure.com,Invoice Attached,0,1,3,1,153,0
714,robertsjack@gmail.com,Suspicious Login Attempt,1,1,7,9,25,1
715,michaelburch@gmail.com,Invoice Attached,1,0,2,0,253,0
716,lkim@bankverify.net,Suspicious Login Attempt,0,0,8,6,90,1
717,richardsonchristian@gmail.com,Meeting Reminder,1,1,4,2,297,0
718,josephjackson@company-secure.com,Claim Your Reward Now,1,0,7,8,103,1
719,elizabeth20@bankverify.net,Weekly Newsletter,1,0,5,1,163,0
720,marycamacho@outlook.com,Urgent Account Verification,0,1,9,3,75,1
721,dominiquegonzalez@outlook.com,Meeting Reminder,0,0,2,0,243,0
722,qgilbert@gmail.com,Meeting Reminder,1,1,4,2,259,0
723,gonzalesjodi@bankverify.net,Bank Account Locked,1,1,9,8,111,1
724,pbryan@company-secure.com,Suspicious Login Attempt,1,1,7,10,120,1
725,cameroncody@gmail.com,Suspicious Login Attempt,1,1,8,9,72,1
726,ryan64@outlook.com,Meeting Reminder,1,0,3,2,147,0
727,rhodescheryl@paypal-alert.com,Urgent Account Verification,1,1,9,6,32,1
728,angelaeaton@company-secure.com,Interview Schedule,1,0,1,0,170,0
729,gjohnson@outlook.com,Suspicious Login Attempt,1,1,8,10,99,1
730,moorechristina@gmail.com,Bank Account Locked,0,0,10,6,66,1
731,james39@paypal-alert.com,Meeting Reminder,1,0,5,2,200,0
732,pauljennings@gmail.com,Meeting Reminder,1,0,3,2,267,0
733,tjones@gmail.com,Interview Schedule,1,0,4,2,141,0
734,lisa07@gmail.com,Interview Schedule,0,1,4,2,142,0
735,wmartin@gmail.com,Project Update,0,0,2,1,137,0
736,katiesmith@bankverify.net,Suspicious Login Attempt,1,0,7,7,65,1
737,vgonzalez@company-secure.com,Interview Schedule,1,1,5,2,242,0
738,burtonmanuel@bankverify.net,Urgent Account Verification,1,0,7,9,29,1
739,ortizandrea@bankverify.net,Interview Schedule,0,1,4,0,238,0
740,ashley48@bankverify.net,Your Password Will Expire,1,1,8,7,38,1
741,hayesjennifer@bankverify.net,Project Update,0,1,4,0,280,0
742,ronald27@bankverify.net,Claim Your Reward Now,1,0,9,5,107,1
743,diane18@bankverify.net,Bank Account Locked,1,1,9,7,55,1
744,njackson@gmail.com,Invoice Attached,0,1,4,0,284,0
745,molly32@gmail.com,Suspicious Login Attempt,1,1,9,7,115,1
746,piercedanielle@paypal-alert.com,Weekly Newsletter,1,1,3,2,234,0
747,patricialewis@outlook.com,Suspicious Login Attempt,0,0,9,9,66,1
748,caroljohnson@company-secure.com,Weekly Newsletter,1,0,3,1,131,0
749,jennifershepard@paypal-alert.com,Bank Account Locked,0,1,9,3,98,1
750,gerald27@gmail.com,Meeting Reminder,1,1,2,2,85,0
751,christine56@outlook.com,Invoice Attached,1,1,2,1,203,0
752,brendapotts@gmail.com,Suspicious Login Attempt,1,1,9,5,20,1
753,stephenfields@gmail.com,Bank Account Locked,1,1,7,5,110,1
754,kenneth58@bankverify.net,Suspicious Login Attempt,1,1,8,6,114,1
755,estephens@company-secure.com,Interview Schedule,0,1,1,1,207,0
756,sarahstone@outlook.com,Suspicious Login Attempt,1,0,9,10,101,1
757,mandybentley@outlook.com,Weekly Newsletter,0,1,4,0,140,0
758,sherry74@paypal-alert.com,Urgent Account Verification,1,1,7,9,86,1
759,garnerchristine@paypal-alert.com,Weekly Newsletter,1,0,2,0,281,0
760,danielleburgess@company-secure.com,Invoice Attached,1,1,5,1,139,0
761,ojohnson@company-secure.com,Your Password Will Expire,1,0,9,3,55,1
762,donald20@bankverify.net,Urgent Account Verification,1,1,8,10,113,1
763,michael37@company-secure.com,Claim Your Reward Now,1,1,10,4,25,1
764,russodean@bankverify.net,Meeting Reminder,0,0,1,0,179,0
765,kristensummers@bankverify.net,Interview Schedule,0,0,5,0,293,0
766,erikachavez@outlook.com,Bank Account Locked,0,1,7,5,47,1
767,aaguirre@outlook.com,Project Update,0,0,1,1,159,0
768,sean54@outlook.com,Bank Account Locked,0,1,9,5,25,1
769,lhays@gmail.com,Urgent Account Verification,1,1,9,3,33,1
770,beltranmark@paypal-alert.com,Interview Schedule,1,1,4,0,260,0
771,barbara31@outlook.com,Urgent Account Verification,1,1,7,5,21,1
772,gabriela74@gmail.com,Invoice Attached,0,1,2,1,258,0
773,rsutton@paypal-alert.com,Your Password Will Expire,0,0,10,9,20,1
774,bondthomas@paypal-alert.com,Weekly Newsletter,1,1,1,0,157,0
775,karenwatts@company-secure.com,Interview Schedule,1,1,5,2,283,0
776,christopher67@gmail.com,Weekly Newsletter,0,1,2,1,285,0
777,masonerin@gmail.com,Interview Schedule,0,0,1,1,270,0
778,rodneydodson@gmail.com,Interview Schedule,1,0,4,1,123,0
779,chandlerjennifer@bankverify.net,Interview Schedule,0,1,2,1,224,0
780,jenningsbradley@paypal-alert.com,Meeting Reminder,0,1,1,2,149,0
781,walkerlisa@outlook.com,Project Update,0,1,5,0,168,0
782,stevenburton@paypal-alert.com,Claim Your Reward Now,0,1,7,3,72,1
783,tinaturner@paypal-alert.com,Meeting Reminder,0,0,1,2,179,0
784,christopher97@outlook.com,Urgent Account Verification,1,0,7,6,107,1
785,linda63@gmail.com,Interview Schedule,0,1,5,2,183,0
786,rowlandjackson@company-secure.com,Suspicious Login Attempt,1,0,7,8,39,1
787,rodriguezmichelle@paypal-alert.com,Project Update,0,1,5,2,99,0
788,miranda89@paypal-alert.com,Bank Account Locked,1,1,9,10,101,1
789,amy18@gmail.com,Bank Account Locked,1,0,9,5,71,1
790,cpearson@bankverify.net,Urgent Account Verification,1,1,8,6,78,1
791,bjohnson@paypal-alert.com,Your Password Will Expire,1,1,8,7,55,1
792,bharmon@paypal-alert.com,Urgent Account Verification,1,1,9,6,57,1
793,nicole86@outlook.com,Your Password Will Expire,0,0,8,4,71,1
794,barbaracrawford@gmail.com,Invoice Attached,1,1,1,0,225,0
795,knoxelizabeth@outlook.com,Invoice Attached,0,0,1,2,184,0
796,elizabeth12@company-secure.com,Claim Your Reward Now,1,0,9,6,20,1
797,dschwartz@outlook.com,Weekly Newsletter,1,1,5,1,133,0
798,schandler@paypal-alert.com,Bank Account Locked,0,1,10,8,69,1
799,pbarron@gmail.com,Interview Schedule,1,1,1,0,269,0
800,christophercarpenter@bankverify.net,Invoice Attached,0,0,5,2,141,0
801,perryking@paypal-alert.com,Project Update,0,0,1,1,94,0
802,jennifersanders@bankverify.net,Claim Your Reward Now,1,0,8,5,21,1
803,mlane@paypal-alert.com,Meeting Reminder,0,0,3,2,142,0
804,ginahill@outlook.com,Claim Your Reward Now,1,1,10,10,76,1
805,emily96@company-secure.com,Weekly Newsletter,0,0,3,2,170,0
806,john88@paypal-alert.com,Invoice Attached,1,1,1,1,224,0
807,cookeclaire@paypal-alert.com,Suspicious Login Attempt,1,1,7,5,112,1
808,gray@bankverify.net,Interview Schedule,0,0,1,1,83,0
809,katelyn22@bankverify.net,Suspicious Login Attempt,1,1,10,9,34,1
810,joshua76@paypal-alert.com,Claim Your Reward Now,1,1,9,4,106,1
811,moralesvictoria@outlook.com,Invoice Attached,0,0,2,1,253,0
812,eharding@outlook.com,Suspicious Login Attempt,1,0,8,10,97,1
813,parksandrew@gmail.com,Claim Your Reward Now,1,0,10,10,69,1
814,jdavidson@paypal-alert.com,Interview Schedule,0,0,1,0,142,0
815,kleinamy@paypal-alert.com,Your Password Will Expire,0,0,8,7,26,1
816,rachel43@bankverify.net,Urgent Account Verification,1,1,9,7,113,1
817,justinjones@company-secure.com,Weekly Newsletter,1,1,5,1,134,0
818,gorozco@bankverify.net,Suspicious Login Attempt,1,1,10,9,119,1
819,wendyferrell@gmail.com,Urgent Account Verification,1,0,10,9,53,1
820,kbrown@outlook.com,Project Update,0,1,5,1,209,0
821,ecarroll@gmail.com,Project Update,1,1,5,1,219,0
822,howardsusan@bankverify.net,Project Update,1,1,5,1,205,0
823,mcintyresusan@bankverify.net,Invoice Attached,0,1,4,0,182,0
824,omartinez@paypal-alert.com,Project Update,1,0,1,1,261,0
825,uroman@gmail.com,Urgent Account Verification,1,1,9,9,104,1
826,adamsjohn@bankverify.net,Invoice Attached,0,1,1,2,193,0
827,xhamilton@paypal-alert.com,Suspicious Login Attempt,1,0,8,6,90,1
828,tfuller@gmail.com,Meeting Reminder,0,1,5,1,188,0
829,elizabethnelson@paypal-alert.com,Project Update,1,1,3,2,159,0
830,stevenli@company-secure.com,Project Update,1,1,2,0,177,0
831,ghoover@bankverify.net,Interview Schedule,0,1,3,0,193,0
832,kristybutler@outlook.com,Claim Your Reward Now,1,1,8,9,23,1
833,hudsonmarissa@outlook.com,Urgent Account Verification,0,0,9,7,71,1
834,mary06@outlook.com,Suspicious Login Attempt,1,0,7,8,112,1
835,alexaholmes@company-secure.com,Invoice Attached,1,0,2,1,137,0
836,lauren12@outlook.com,Your Password Will Expire,0,1,7,7,119,1
837,lcampbell@gmail.com,Your Password Will Expire,1,1,8,7,31,1
838,cgriffin@gmail.com,Your Password Will Expire,1,0,7,9,36,1
839,melanierussell@paypal-alert.com,Weekly Newsletter,0,0,2,1,296,0
840,eric46@paypal-alert.com,Bank Account Locked,1,0,8,9,119,1
841,kristinrogers@paypal-alert.com,Interview Schedule,1,1,4,1,103,0
842,brianoliver@gmail.com,Your Password Will Expire,1,0,9,7,38,1
843,denniswest@company-secure.com,Invoice Attached,1,1,3,0,142,0
844,michaelgillespie@gmail.com,Weekly Newsletter,1,1,3,0,168,0
845,lcruz@paypal-alert.com,Meeting Reminder,1,0,1,0,295,0
846,james75@paypal-alert.com,Your Password Will Expire,1,0,7,8,79,1
847,zmills@bankverify.net,Invoice Attached,0,1,3,0,224,0
848,ramoserica@paypal-alert.com,Interview Schedule,1,0,1,0,253,0
849,grantkaren@paypal-alert.com,Bank Account Locked,1,1,9,7,100,1
850,rmueller@gmail.com,Urgent Account Verification,1,0,10,8,33,1
851,xdavidson@paypal-alert.com,Your Password Will Expire,1,1,7,8,71,1
852,randallfox@bankverify.net,Bank Account Locked,1,0,7,8,33,1
853,waltersjennifer@bankverify.net,Your Password Will Expire,1,1,8,4,94,1
854,jessicapatton@outlook.com,Weekly Newsletter,0,0,4,0,200,0
855,anthony48@bankverify.net,Project Update,1,1,3,1,242,0
856,dixonmichael@gmail.com,Suspicious Login Attempt,1,1,7,5,112,1
857,jamesnichols@paypal-alert.com,Interview Schedule,0,1,5,2,172,0
858,jonesrobin@outlook.com,Project Update,1,1,3,1,297,0
859,katherinegomez@bankverify.net,Claim Your Reward Now,1,1,9,8,81,1
860,mleonard@gmail.com,Weekly Newsletter,0,1,3,1,209,0
861,williamsjeanette@paypal-alert.com,Weekly Newsletter,1,0,4,1,132,0
862,jennifer40@gmail.com,Suspicious Login Attempt,1,0,10,8,95,1
863,hshelton@paypal-alert.com,Bank Account Locked,0,0,8,4,35,1
864,robinsonjames@bankverify.net,Claim Your Reward Now,1,1,9,4,111,1
865,ricardo57@company-secure.com,Claim Your Reward Now,0,1,7,7,71,1
866,uadkins@gmail.com,Bank Account Locked,1,1,7,4,42,1
867,kbarry@gmail.com,Your Password Will Expire,1,1,10,8,99,1
868,grimesamanda@outlook.com,Bank Account Locked,1,1,7,4,27,1
869,smithlindsey@bankverify.net,Bank Account Locked,1,0,10,3,57,1
870,vickie32@bankverify.net,Invoice Attached,1,1,3,2,110,0
871,belltimothy@company-secure.com,Meeting Reminder,1,0,5,1,219,0
872,paynenicholas@company-secure.com,Invoice Attached,1,1,2,2,174,0
873,angela68@bankverify.net,Your Password Will Expire,0,1,8,9,116,1
874,reillywilliam@gmail.com,Bank Account Locked,1,0,8,4,23,1
875,sandraperkins@gmail.com,Claim Your Reward Now,1,1,8,5,27,1
876,lori23@paypal-alert.com,Invoice Attached,0,1,2,1,292,0
877,tylerwilson@outlook.com,Weekly Newsletter,0,0,3,0,226,0
878,upatterson@bankverify.net,Weekly Newsletter,1,1,5,1,298,0
879,andrea09@bankverify.net,Claim Your Reward Now,1,1,7,9,93,1
880,ambercampbell@outlook.com,Weekly Newsletter,0,0,4,1,93,0
881,regina97@company-secure.com,Project Update,1,0,1,0,143,0
882,nicolejordan@company-secure.com,Invoice Attached,0,1,3,0,206,0
883,mturner@gmail.com,Your Password Will Expire,0,0,10,10,23,1
884,elizabeth76@bankverify.net,Claim Your Reward Now,1,1,7,8,79,1
885,jimmy33@gmail.com,Bank Account Locked,1,0,7,3,88,1
886,bryan71@gmail.com,Project Update,1,0,2,0,172,0
887,bruceroth@company-secure.com,Suspicious Login Attempt,1,1,8,4,111,1
888,jesus40@bankverify.net,Project Update,1,0,3,0,216,0
889,rjenkins@bankverify.net,Urgent Account Verification,1,0,10,10,106,1
890,hfuentes@paypal-alert.com,Claim Your Reward Now,0,0,9,7,73,1
891,erica12@paypal-alert.com,Your Password Will Expire,1,1,8,4,25,1
892,lawsonjames@gmail.com,Bank Account Locked,1,1,7,5,98,1
893,ruthcurry@paypal-alert.com,Suspicious Login Attempt,0,1,9,10,40,1
894,jim20@gmail.com,Bank Account Locked,1,1,10,6,89,1
895,zmarks@outlook.com,Urgent Account Verification,1,1,8,9,109,1
896,lisa74@paypal-alert.com,Interview Schedule,1,0,3,1,247,0
897,blucas@outlook.com,Invoice Attached,1,0,5,2,175,0
898,brownjuan@bankverify.net,Suspicious Login Attempt,1,0,9,4,103,1
899,kristi08@company-secure.com,Project Update,1,0,2,0,263,0
900,porterronnie@gmail.com,Project Update,0,0,2,2,122,0
901,maryhenderson@bankverify.net,Claim Your Reward Now,0,1,7,7,24,1
902,kennedycody@paypal-alert.com,Invoice Attached,1,0,2,1,121,0
903,rgomez@outlook.com,Claim Your Reward Now,0,1,7,6,54,1
904,kcoleman@company-secure.com,Invoice Attached,0,1,5,2,102,0
905,paulmolina@paypal-alert.com,Weekly Newsletter,1,0,3,1,238,0
906,colliertyler@company-secure.com,Meeting Reminder,1,1,2,1,142,0
907,shelby99@bankverify.net,Urgent Account Verification,1,0,10,10,90,1
908,amanda51@gmail.com,Invoice Attached,0,0,2,1,97,0
909,michael99@company-secure.com,Interview Schedule,1,1,1,0,193,0
910,christina01@gmail.com,Bank Account Locked,1,0,7,6,82,1
911,robertleblanc@outlook.com,Interview Schedule,0,0,3,0,275,0
912,marissa80@company-secure.com,Suspicious Login Attempt,1,1,8,3,75,1
913,usanchez@outlook.com,Your Password Will Expire,0,0,9,3,27,1
914,kendrapotter@company-secure.com,Interview Schedule,1,0,5,1,238,0
915,kirksteven@outlook.com,Suspicious Login Attempt,1,1,9,10,116,1
916,xmassey@bankverify.net,Weekly Newsletter,0,0,1,1,214,0
917,osmith@bankverify.net,Urgent Account Verification,0,0,9,6,89,1
918,wrodriguez@gmail.com,Claim Your Reward Now,1,0,10,7,99,1
919,robert38@outlook.com,Your Password Will Expire,1,1,9,10,32,1
920,cevans@gmail.com,Meeting Reminder,0,0,2,2,214,0
921,wangdeborah@gmail.com,Meeting Reminder,0,0,1,0,164,0
922,qgomez@bankverify.net,Invoice Attached,0,1,4,2,200,0
923,henrydouglas@paypal-alert.com,Meeting Reminder,1,1,4,0,91,0
924,sharonhernandez@paypal-alert.com,Meeting Reminder,0,0,2,2,173,0
925,debra28@gmail.com,Interview Schedule,1,1,3,1,241,0
926,ambersmith@paypal-alert.com,Meeting Reminder,0,0,4,0,168,0
927,danielle96@paypal-alert.com,Interview Schedule,0,0,2,2,95,0
928,joseph51@outlook.com,Meeting Reminder,0,0,1,1,264,0
929,ccase@paypal-alert.com,Interview Schedule,0,1,3,2,270,0
930,torresjennifer@paypal-alert.com,Your Password Will Expire,1,1,8,8,39,1
931,mary58@bankverify.net,Weekly Newsletter,1,1,4,1,137,0
932,reneeperez@paypal-alert.com,Bank Account Locked,1,0,9,5,44,1
933,kevin49@company-secure.com,Project Update,0,1,2,1,271,0
934,michaelruiz@company-secure.com,Urgent Account Verification,1,1,8,8,40,1
935,lisayoung@company-secure.com,Weekly Newsletter,1,1,1,2,137,0
936,jonathan52@paypal-alert.com,Meeting Reminder,1,1,1,1,127,0
937,melanie97@paypal-alert.com,Suspicious Login Attempt,1,1,8,10,81,1
938,pittmandrew@company-secure.com,Weekly Newsletter,1,1,1,0,193,0
939,melissawebster@company-secure.com,Project Update,0,0,1,0,198,0
940,james71@bankverify.net,Your Password Will Expire,0,0,8,8,94,1
941,sandra46@gmail.com,Urgent Account Verification,1,1,7,5,99,1
942,gregg66@paypal-alert.com,Your Password Will Expire,1,0,8,3,21,1
943,johndoyle@outlook.com,Weekly Newsletter,1,0,3,1,121,0
944,okelly@company-secure.com,Bank Account Locked,1,0,8,3,48,1
945,christinarasmussen@gmail.com,Interview Schedule,0,0,1,0,275,0
946,fwillis@bankverify.net,Bank Account Locked,1,1,7,5,115,1
947,rebecca49@company-secure.com,Suspicious Login Attempt,1,0,9,9,68,1
948,vjimenez@bankverify.net,Urgent Account Verification,1,1,10,3,82,1
949,wardbenjamin@outlook.com,Weekly Newsletter,1,1,3,2,231,0
950,hudsonruth@gmail.com,Invoice Attached,0,0,5,1,208,0
951,bschneider@outlook.com,Your Password Will Expire,0,1,9,3,48,1
952,vmiller@company-secure.com,Suspicious Login Attempt,0,1,8,9,67,1
953,jeffreyjackson@gmail.com,Urgent Account Verification,0,0,10,5,34,1
954,grant94@bankverify.net,Claim Your Reward Now,1,0,9,10,26,1
955,owensbrianna@company-secure.com,Urgent Account Verification,0,1,10,9,85,1
956,williamshannah@outlook.com,Suspicious Login Attempt,1,0,8,3,87,1
957,richard03@gmail.com,Bank Account Locked,1,1,9,7,82,1
958,martinstacey@paypal-alert.com,Project Update,1,0,5,2,182,0
959,brandon79@paypal-alert.com,Invoice Attached,1,1,4,2,137,0
960,kevinstrong@outlook.com,Invoice Attached,1,0,2,0,234,0
961,johnsonmichael@paypal-alert.com,Claim Your Reward Now,1,0,8,4,99,1
962,kyle19@company-secure.com,Project Update,1,1,5,2,245,0
963,christopher94@company-secure.com,Bank Account Locked,0,1,8,7,24,1
964,jon04@bankverify.net,Suspicious Login Attempt,1,0,9,5,80,1
965,williamsgwendolyn@gmail.com,Weekly Newsletter,1,0,5,1,251,0
966,tammyjones@gmail.com,Interview Schedule,1,1,2,2,83,0
967,nathannewman@gmail.com,Bank Account Locked,0,0,7,6,81,1
968,taramartinez@company-secure.com,Invoice Attached,1,0,3,2,105,0
969,calhounhaley@bankverify.net,Weekly Newsletter,0,1,1,2,196,0
970,richard15@paypal-alert.com,Invoice Attached,0,0,4,2,231,0
971,matthewwilliams@company-secure.com,Suspicious Login Attempt,1,0,8,6,91,1
972,tannerfrazier@paypal-alert.com,Bank Account Locked,0,0,9,5,56,1
973,lori32@paypal-alert.com,Invoice Attached,0,1,3,2,221,0
974,morgannicholas@company-secure.com,Meeting Reminder,0,0,5,0,182,0
975,jessicapearson@outlook.com,Urgent Account Verification,1,0,10,10,85,1
976,justin99@gmail.com,Claim Your Reward Now,1,0,9,3,89,1
977,brian76@gmail.com,Your Password Will Expire,0,1,9,3,58,1
978,marymartinez@company-secure.com,Your Password Will Expire,0,1,10,6,28,1
979,sjensen@outlook.com,Urgent Account Verification,1,0,9,10,93,1
980,larasally@outlook.com,Your Password Will Expire,1,1,9,9,73,1
981,daniellehughes@gmail.com,Project Update,1,1,1,2,114,0
982,kendra71@company-secure.com,Suspicious Login Attempt,0,1,9,3,38,1
983,coxmiranda@bankverify.net,Meeting Reminder,1,1,3,0,230,0
984,travis32@outlook.com,Weekly Newsletter,0,1,5,1,107,0
985,sabrina64@company-secure.com,Meeting Reminder,1,1,2,1,95,0
986,jennifer19@company-secure.com,Your Password Will Expire,1,0,10,7,108,1
987,jennifer60@company-secure.com,Project Update,1,0,2,1,223,0
988,xzavala@bankverify.net,Weekly Newsletter,1,1,1,0,212,0
989,wendy93@company-secure.com,Interview Schedule,0,0,1,2,234,0
990,jordanamy@outlook.com,Bank Account Locked,1,0,8,5,24,1
991,tallison@company-secure.com,Invoice Attached,1,0,5,2,102,0
992,kking@outlook.com,Meeting Reminder,0,0,5,1,300,0
993,bennettjeremy@gmail.com,Interview Schedule,1,1,1,2,287,0
994,caseyallen@paypal-alert.com,Bank Account Locked,1,0,8,9,79,1
995,jennifer76@company-secure.com,Project Update,0,0,4,2,294,0
996,alyssa12@company-secure.com,Suspicious Login Attempt,1,0,8,6,91,1
997,elizabeth62@company-secure.com,Interview Schedule,1,1,5,1,262,0
998,christian84@gmail.com,Project Update,1,1,5,2,112,0
999,james96@gmail.com,Project Update,1,1,4,2,296,0
1000,molly61@company-secure.com,Your Password Will Expire,1,1,8,10,45,1
1001,wpena@bankverify.net,Bank Account Locked,0,1,8,7,37,1
1002,garyhaney@company-secure.com,Project Update,1,1,2,1,256,0
1003,melissa73@company-secure.com,Claim Your Reward Now,1,0,7,6,38,1
1004,alexandra00@company-secure.com,Urgent Account Verification,0,1,7,9,111,1
1005,batesrandy@outlook.com,Interview Schedule,1,1,1,2,176,0
1006,isaiah13@outlook.com,Claim Your Reward Now,0,1,10,4,32,1
1007,johnnywilliams@bankverify.net,Interview Schedule,1,0,4,1,93,0
1008,sdalton@company-secure.com,Urgent Account Verification,1,1,10,4,79,1
1009,beth38@gmail.com,Suspicious Login Attempt,0,0,7,7,41,1
1010,njones@gmail.com,Weekly Newsletter,1,1,4,0,145,0
1011,dunnstephen@outlook.com,Urgent Account Verification,1,1,7,9,41,1
1012,benjamin13@paypal-alert.com,Invoice Attached,1,0,1,1,252,0
1013,ajefferson@company-secure.com,Weekly Newsletter,0,1,3,1,251,0
1014,hancockcheryl@paypal-alert.com,Suspicious Login Attempt,1,1,7,5,40,1
1015,georgerichard@outlook.com,Your Password Will Expire,1,0,9,3,58,1
1016,qfowler@outlook.com,Urgent Account Verification,1,0,9,7,117,1
1017,xconley@gmail.com,Interview Schedule,1,1,3,0,286,0
1018,kathrynmorris@gmail.com,Invoice Attached,1,0,1,2,246,0
1019,samuel73@outlook.com,Interview Schedule,1,0,4,2,289,0
1020,xgreen@outlook.com,Bank Account Locked,1,0,10,4,43,1
1021,veronicatapia@company-secure.com,Meeting Reminder,0,1,4,0,134,0
1022,higginsscott@outlook.com,Meeting Reminder,1,1,3,0,156,0
1023,rnielsen@paypal-alert.com,Suspicious Login Attempt,1,0,9,9,104,1
1024,sbarton@paypal-alert.com,Claim Your Reward Now,1,1,10,6,59,1
1025,chambersjulie@company-secure.com,Invoice Attached,0,0,5,0,235,0
1026,estesvictoria@company-secure.com,Project Update,0,0,1,0,284,0
1027,rscott@gmail.com,Meeting Reminder,0,0,5,1,295,0
1028,alvin12@outlook.com,Project Update,0,0,3,2,255,0
1029,david21@gmail.com,Claim Your Reward Now,0,0,7,10,47,1
1030,thomasstephen@outlook.com,Meeting Reminder,1,0,5,2,278,0
1031,eric33@outlook.com,Bank Account Locked,0,1,8,7,34,1
1032,nlucas@paypal-alert.com,Suspicious Login Attempt,1,1,8,4,91,1
1033,shawn72@outlook.com,Urgent Account Verification,1,1,10,6,36,1
1034,glucas@bankverify.net,Project Update,0,0,2,2,100,0
1035,brandongray@company-secure.com,Project Update,0,0,2,0,145,0
1036,scottdavid@outlook.com,Meeting Reminder,0,1,4,1,297,0
1037,keith97@company-secure.com,Invoice Attached,1,0,3,0,300,0
1038,patrickshaw@paypal-alert.com,Invoice Attached,0,0,2,0,276,0
1039,jenniferholloway@gmail.com,Claim Your Reward Now,1,0,9,10,100,1
1040,lawrencelawson@outlook.com,Claim Your Reward Now,1,0,7,7,50,1
1041,udavis@outlook.com,Invoice Attached,1,0,5,2,85,0
1042,laurahicks@outlook.com,Meeting Reminder,1,0,3,1,258,0
1043,tiffanyheath@bankverify.net,Interview Schedule,0,1,5,2,226,0
1044,timothywilliams@gmail.com,Bank Account Locked,1,1,10,10,21,1
1045,william55@gmail.com,Invoice Attached,1,0,1,0,276,0
1046,singhthomas@outlook.com,Weekly Newsletter,1,1,2,0,264,0
1047,elizabeth41@company-secure.com,Suspicious Login Attempt,1,0,7,3,73,1
1048,ann84@paypal-alert.com,Interview Schedule,1,1,5,0,230,0
1049,dlewis@paypal-alert.com,Weekly Newsletter,0,1,4,0,297,0
1050,kevin30@bankverify.net,Meeting Reminder,1,0,5,2,83,0
1051,wilsondarrell@outlook.com,Urgent Account Verification,1,1,8,5,59,1
1052,xadkins@bankverify.net,Bank Account Locked,0,0,10,9,95,1
1053,orobertson@outlook.com,Weekly Newsletter,1,1,5,2,240,0
1054,mking@paypal-alert.com,Claim Your Reward Now,1,0,9,10,70,1
1055,littleregina@company-secure.com,Bank Account Locked,1,1,9,3,54,1
1056,anthony42@company-secure.com,Suspicious Login Attempt,0,1,8,9,69,1
1057,williamssusan@company-secure.com,Project Update,1,0,1,2,143,0
1058,cheryl81@gmail.com,Weekly Newsletter,1,0,4,2,248,0
1059,buchananscott@paypal-alert.com,Meeting Reminder,0,1,3,0,80,0
1060,phall@bankverify.net,Project Update,0,1,4,1,118,0
1061,tracy81@outlook.com,Weekly Newsletter,1,0,2,2,94,0
1062,zjones@company-secure.com,Project Update,0,1,1,1,275,0
1063,fdunlap@gmail.com,Urgent Account Verification,1,1,7,5,59,1
1064,zbradley@gmail.com,Claim Your Reward Now,1,0,10,10,25,1
1065,tlee@bankverify.net,Claim Your Reward Now,0,1,8,3,92,1
1066,nathaniel71@outlook.com,Claim Your Reward Now,1,0,7,3,64,1
1067,michellecurtis@gmail.com,Project Update,0,0,5,1,230,0
1068,lorrainejohnson@gmail.com,Weekly Newsletter,0,0,4,0,234,0
1069,joe78@gmail.com,Meeting Reminder,1,1,4,2,169,0
1070,morrisonkenneth@gmail.com,Invoice Attached,0,1,1,0,214,0
1071,smithmarissa@company-secure.com,Meeting Reminder,0,1,2,2,107,0
1072,weekskristi@gmail.com,Project Update,0,1,1,2,255,0
1073,teresadurham@paypal-alert.com,Your Password Will Expire,0,0,8,4,49,1
1074,veronicapace@bankverify.net,Bank Account Locked,1,1,10,4,62,1
1075,curtisjustin@outlook.com,Project Update,0,1,2,2,183,0
1076,julie91@bankverify.net,Your Password Will Expire,1,1,8,5,55,1
1077,judy21@outlook.com,Interview Schedule,1,0,5,1,187,0
1078,ssmith@outlook.com,Your Password Will Expire,1,1,8,5,66,1
1079,uwilson@paypal-alert.com,Suspicious Login Attempt,1,0,9,8,75,1
1080,meredith40@gmail.com,Urgent Account Verification,0,0,8,8,35,1
1081,hilljessica@paypal-alert.com,Interview Schedule,0,0,3,1,137,0
1082,perezjennifer@outlook.com,Invoice Attached,1,0,5,0,87,0
1083,clopez@bankverify.net,Your Password Will Expire,0,1,9,8,94,1
1084,qphillips@paypal-alert.com,Meeting Reminder,1,0,5,1,101,0
1085,christinakaiser@bankverify.net,Weekly Newsletter,1,0,1,2,193,0
1086,adamjohnson@outlook.com,Project Update,0,1,2,2,106,0
1087,patricia51@bankverify.net,Urgent Account Verification,1,1,9,7,36,1
1088,ryannicholas@paypal-alert.com,Suspicious Login Attempt,1,1,9,7,87,1
1089,sjohnson@paypal-alert.com,Claim Your Reward Now,1,1,7,9,63,1
1090,david45@outlook.com,Urgent Account Verification,0,1,7,10,96,1
1091,costaethan@company-secure.com,Your Password Will Expire,1,1,10,6,33,1
1092,ebell@gmail.com,Claim Your Reward Now,1,0,7,10,47,1
1093,vancejoshua@gmail.com,Claim Your Reward Now,1,0,10,4,89,1
1094,cgonzalez@gmail.com,Bank Account Locked,1,1,9,6,75,1
1095,martinchristopher@paypal-alert.com,Claim Your Reward Now,0,0,8,3,109,1
1096,schmidtjeff@paypal-alert.com,Invoice Attached,0,0,2,2,134,0
1097,justin16@gmail.com,Bank Account Locked,1,1,7,10,118,1
1098,jaredhoward@company-secure.com,Weekly Newsletter,1,1,2,1,122,0
1099,flemingsteven@company-secure.com,Project Update,0,0,3,2,126,0
1100,laurahuff@gmail.com,Project Update,1,0,2,0,222,0
1101,jwalsh@outlook.com,Urgent Account Verification,1,1,9,4,67,1
1102,nicholas25@bankverify.net,Meeting Reminder,0,0,3,2,188,0
1103,ryoung@gmail.com,Invoice Attached,0,1,2,0,285,0
1104,williamsbilly@outlook.com,Your Password Will Expire,1,1,7,5,35,1
1105,ugarcia@bankverify.net,Interview Schedule,0,1,4,1,299,0
1106,howardmary@outlook.com,Urgent Account Verification,0,0,8,4,90,1
1107,thomasmelton@outlook.com,Suspicious Login Attempt,1,1,9,9,106,1
1108,chamberskelly@paypal-alert.com,Urgent Account Verification,1,0,7,10,63,1
1109,joanmatthews@gmail.com,Suspicious Login Attempt,1,0,7,10,117,1
1110,cooperwilliam@gmail.com,Suspicious Login Attempt,0,1,9,5,56,1
1111,tracy57@company-secure.com,Urgent Account Verification,1,0,8,8,23,1
1112,nhuynh@gmail.com,Suspicious Login Attempt,1,0,9,4,36,1
1113,zhaynes@paypal-alert.com,Suspicious Login Attempt,1,0,10,4,70,1
1114,andrea56@outlook.com,Invoice Attached,0,0,2,1,98,0
1115,peterssharon@paypal-alert.com,Meeting Reminder,0,1,3,2,181,0
1116,randalljonathan@gmail.com,Meeting Reminder,0,1,1,2,187,0
1117,louis83@gmail.com,Weekly Newsletter,0,0,5,1,300,0
1118,kjackson@outlook.com,Project Update,0,1,2,1,258,0
1119,dclark@paypal-alert.com,Urgent Account Verification,0,0,10,6,74,1
1120,kevinowens@company-secure.com,Suspicious Login Attempt,1,1,9,7,24,1
1121,hgregory@outlook.com,Invoice Attached,0,1,3,0,255,0
1122,chrismartinez@bankverify.net,Your Password Will Expire,1,0,9,8,96,1
1123,logan35@bankverify.net,Urgent Account Verification,1,0,8,4,54,1
1124,heidi43@company-secure.com,Meeting Reminder,0,1,1,0,165,0
1125,john85@gmail.com,Claim Your Reward Now,0,1,10,7,115,1
1126,pcasey@bankverify.net,Your Password Will Expire,1,1,7,3,58,1
1127,butlerapril@outlook.com,Your Password Will Expire,1,1,7,10,78,1
1128,uacevedo@company-secure.com,Suspicious Login Attempt,1,0,8,6,89,1
1129,fchan@gmail.com,Your Password Will Expire,1,1,10,8,28,1
1130,englishcynthia@outlook.com,Weekly Newsletter,1,0,4,0,89,0
1131,armstronglori@bankverify.net,Project Update,1,0,5,0,185,0
1132,hjohnston@gmail.com,Meeting Reminder,1,1,2,1,161,0
1133,tony46@paypal-alert.com,Interview Schedule,1,0,2,0,285,0
1134,ellenelliott@company-secure.com,Claim Your Reward Now,1,0,7,7,85,1
1135,mshepard@paypal-alert.com,Weekly Newsletter,0,1,4,1,254,0
1136,abradshaw@company-secure.com,Meeting Reminder,1,0,3,2,233,0
1137,tiffanybaker@gmail.com,Suspicious Login Attempt,1,1,10,4,117,1
1138,nholland@company-secure.com,Claim Your Reward Now,0,1,7,5,110,1
1139,lindsaysutton@bankverify.net,Suspicious Login Attempt,1,0,7,9,47,1
1140,hendersonbenjamin@company-secure.com,Bank Account Locked,1,1,9,7,43,1
1141,woodanthony@company-secure.com,Suspicious Login Attempt,1,0,10,5,109,1
1142,robertchambers@bankverify.net,Claim Your Reward Now,1,1,9,8,56,1
1143,kyle69@bankverify.net,Invoice Attached,0,0,1,2,82,0
1144,danielkoch@paypal-alert.com,Interview Schedule,0,0,3,2,190,0
1145,gscott@company-secure.com,Weekly Newsletter,0,1,3,2,134,0
1146,ccooper@gmail.com,Bank Account Locked,0,1,8,5,42,1
1147,malik26@bankverify.net,Project Update,1,0,5,2,94,0
1148,brian24@gmail.com,Urgent Account Verification,1,0,8,7,60,1
1149,lauramoore@paypal-alert.com,Meeting Reminder,1,1,4,0,173,0
1150,ethanmurray@company-secure.com,Suspicious Login Attempt,1,0,7,7,43,1
1151,ycantrell@paypal-alert.com,Suspicious Login Attempt,1,0,10,4,67,1
1152,jaime23@paypal-alert.com,Interview Schedule,0,0,5,2,257,0
1153,nbeard@paypal-alert.com,Claim Your Reward Now,0,0,9,6,103,1
1154,fisherclinton@company-secure.com,Claim Your Reward Now,1,0,7,4,24,1
1155,xsmith@company-secure.com,Interview Schedule,0,0,4,0,168,0
1156,craneryan@outlook.com,Bank Account Locked,1,0,8,3,37,1
1157,xblackwell@gmail.com,Your Password Will Expire,1,0,9,4,102,1
1158,leeemily@company-secure.com,Your Password Will Expire,0,1,8,7,110,1
1159,holmestimothy@gmail.com,Weekly Newsletter,1,1,5,1,162,0
1160,qmaynard@gmail.com,Urgent Account Verification,1,0,9,4,24,1
1161,youngalyssa@paypal-alert.com,Urgent Account Verification,1,0,7,8,28,1
1162,aprilolson@gmail.com,Urgent Account Verification,1,0,7,4,39,1
1163,kylewarner@outlook.com,Bank Account Locked,1,1,10,4,89,1
1164,randy28@gmail.com,Suspicious Login Attempt,1,0,10,8,83,1
1165,petermurphy@outlook.com,Project Update,0,0,5,1,172,0
1166,amandaross@paypal-alert.com,Meeting Reminder,0,0,4,1,210,0
1167,angel30@outlook.com,Invoice Attached,1,1,2,1,155,0
1168,debra20@paypal-alert.com,Weekly Newsletter,1,0,2,0,92,0
1169,laurielee@bankverify.net,Weekly Newsletter,1,0,2,1,209,0
1170,justinbrown@bankverify.net,Meeting Reminder,0,1,3,2,251,0
1171,kylehatfield@outlook.com,Weekly Newsletter,0,0,2,0,249,0
1172,gallen@bankverify.net,Bank Account Locked,0,0,9,4,68,1
1173,mary13@paypal-alert.com,Invoice Attached,1,0,1,0,100,0
1174,ayalaandrea@company-secure.com,Your Password Will Expire,1,0,10,8,24,1
1175,rossjoseph@bankverify.net,Invoice Attached,1,0,1,2,81,0
1176,brittanygonzalez@paypal-alert.com,Urgent Account Verification,1,0,7,6,60,1
1177,dawnferguson@outlook.com,Invoice Attached,1,0,1,2,147,0
1178,jenningsstephanie@bankverify.net,Bank Account Locked,0,1,8,4,51,1
1179,mjames@company-secure.com,Meeting Reminder,1,0,3,1,198,0
1180,fperez@company-secure.com,Project Update,0,1,5,2,126,0
1181,ycameron@company-secure.com,Suspicious Login Attempt,1,1,9,5,53,1
1182,jonathangonzales@bankverify.net,Interview Schedule,1,1,5,1,156,0
1183,adamsbrian@bankverify.net,Urgent Account Verification,1,1,9,9,120,1
1184,wpatel@bankverify.net,Your Password Will Expire,1,0,9,9,33,1
1185,anne25@company-secure.com,Interview Schedule,1,1,4,0,117,0
1186,madeline94@company-secure.com,Your Password Will Expire,0,1,10,6,92,1
1187,jacquelinemarshall@company-secure.com,Invoice Attached,0,0,1,2,155,0
1188,martinmark@gmail.com,Bank Account Locked,0,1,7,10,25,1
1189,kimberly49@outlook.com,Bank Account Locked,1,0,8,6,94,1
1190,monicaflynn@company-secure.com,Project Update,1,0,5,2,136,0
1191,jgreen@outlook.com,Interview Schedule,0,1,2,0,300,0
1192,rollinsdonna@bankverify.net,Meeting Reminder,0,0,2,0,242,0
1193,igreen@company-secure.com,Claim Your Reward Now,1,1,10,7,69,1
1194,halldanielle@company-secure.com,Suspicious Login Attempt,1,1,9,6,43,1
1195,kingsusan@bankverify.net,Interview Schedule,0,1,1,2,245,0
1196,megan66@gmail.com,Project Update,1,1,4,2,166,0
1197,jaredlewis@gmail.com,Project Update,1,0,1,1,100,0
1198,wongphillip@bankverify.net,Meeting Reminder,1,0,3,1,292,0
1199,jamiewhite@gmail.com,Meeting Reminder,1,0,4,2,135,0
1200,morrisonthomas@paypal-alert.com,Claim Your Reward Now,0,0,7,4,46,1
1201,umccall@company-secure.com,Claim Your Reward Now,0,1,10,10,66,1
1202,ronaldjohnson@bankverify.net,Urgent Account Verification,1,1,9,8,47,1
1203,nunezlarry@bankverify.net,Interview Schedule,1,0,3,1,146,0
1204,starkheidi@bankverify.net,Claim Your Reward Now,1,0,9,5,83,1
1205,morasharon@bankverify.net,Meeting Reminder,1,1,2,2,254,0
1206,johnsonandrea@paypal-alert.com,Meeting Reminder,0,1,5,0,81,0
1207,philip48@gmail.com,Suspicious Login Attempt,1,1,10,6,85,1
1208,gonzalezdavid@company-secure.com,Claim Your Reward Now,1,0,7,6,118,1
1209,zbowman@company-secure.com,Invoice Attached,0,0,3,1,169,0
1210,kaylaboyle@outlook.com,Suspicious Login Attempt,0,0,10,5,55,1
1211,joshuawatkins@bankverify.net,Urgent Account Verification,1,1,9,7,83,1
1212,myersdan@bankverify.net,Weekly Newsletter,1,0,2,2,194,0
1213,tcole@paypal-alert.com,Interview Schedule,0,0,3,1,199,0
1214,russell29@bankverify.net,Invoice Attached,1,0,3,2,211,0
1215,jessicastephenson@outlook.com,Claim Your Reward Now,1,1,8,4,111,1
1216,christophergalloway@bankverify.net,Your Password Will Expire,0,0,10,6,25,1
1217,cynthiaschneider@gmail.com,Project Update,1,1,4,0,110,0
1218,jonathan46@paypal-alert.com,Suspicious Login Attempt,1,1,8,9,45,1
1219,acostamary@bankverify.net,Claim Your Reward Now,1,1,8,5,39,1
1220,samanthahensley@outlook.com,Bank Account Locked,1,1,7,4,20,1
1221,lesliesosa@outlook.com,Bank Account Locked,1,0,8,6,99,1
1222,barbara08@paypal-alert.com,Urgent Account Verification,0,1,7,6,51,1
1223,sandrawilliams@company-secure.com,Urgent Account Verification,0,0,10,3,27,1
1224,kirkbrandon@outlook.com,Invoice Attached,1,1,2,0,282,0
1225,seancortez@paypal-alert.com,Weekly Newsletter,1,1,1,2,293,0
1226,anna69@gmail.com,Claim Your Reward Now,0,0,10,5,108,1
1227,annasmith@gmail.com,Bank Account Locked,1,0,9,6,29,1
1228,ekennedy@gmail.com,Suspicious Login Attempt,1,1,7,5,34,1
1229,qdavis@company-secure.com,Interview Schedule,1,0,1,0,165,0
1230,cruzjeremy@company-secure.com,Weekly Newsletter,0,0,5,0,283,0
1231,ehart@outlook.com,Bank Account Locked,1,0,10,3,102,1
1232,ismith@company-secure.com,Suspicious Login Attempt,0,0,8,10,104,1
1233,robertsandrea@gmail.com,Your Password Will Expire,1,1,7,8,32,1
1234,charlesguerrero@gmail.com,Invoice Attached,0,1,1,0,84,0
1235,wilsonbrent@outlook.com,Weekly Newsletter,0,0,3,2,220,0
1236,alyssasellers@paypal-alert.com,Interview Schedule,0,1,5,2,170,0
1237,brianahurst@paypal-alert.com,Claim Your Reward Now,1,1,10,5,109,1
1238,nhouse@paypal-alert.com,Meeting Reminder,0,0,4,1,257,0
1239,annbrown@gmail.com,Weekly Newsletter,0,1,4,0,176,0
1240,antoniorobinson@gmail.com,Your Password Will Expire,1,0,9,10,91,1
1241,melissa29@outlook.com,Interview Schedule,1,1,5,1,209,0
1242,david05@company-secure.com,Your Password Will Expire,1,1,9,7,59,1
1243,jessicabowen@outlook.com,Bank Account Locked,1,0,9,4,75,1
1244,patricia04@company-secure.com,Invoice Attached,0,0,4,0,104,0
1245,sethsullivan@outlook.com,Urgent Account Verification,1,0,7,9,43,1
1246,michael09@outlook.com,Project Update,1,1,2,1,203,0
1247,zweaver@outlook.com,Urgent Account Verification,0,1,8,4,31,1
1248,jrogers@bankverify.net,Project Update,0,0,5,0,275,0
1249,hillbenjamin@paypal-alert.com,Urgent Account Verification,1,0,9,3,73,1
1250,philiprios@gmail.com,Project Update,1,0,2,2,300,0
1251,moralesmaria@paypal-alert.com,Meeting Reminder,0,0,3,2,278,0
1252,aliciathomas@outlook.com,Your Password Will Expire,1,1,8,3,35,1
1253,jennifer84@outlook.com,Your Password Will Expire,0,0,9,6,108,1
1254,christopher25@paypal-alert.com,Urgent Account Verification,0,1,7,3,120,1
1255,matthewhansen@outlook.com,Claim Your Reward Now,1,0,9,7,106,1
1256,curtis34@outlook.com,Weekly Newsletter,0,1,4,1,298,0
1257,michelleswanson@company-secure.com,Bank Account Locked,0,1,10,8,76,1
1258,derekwilliams@gmail.com,Bank Account Locked,1,1,9,3,62,1
1259,xnewton@bankverify.net,Weekly Newsletter,1,0,5,2,163,0
1260,michael35@outlook.com,Project Update,1,1,3,1,194,0
1261,sheawayne@gmail.com,Weekly Newsletter,1,1,3,1,171,0
1262,joshua99@company-secure.com,Your Password Will Expire,1,1,10,4,105,1
1263,jeffrey66@outlook.com,Interview Schedule,1,1,5,2,197,0
1264,michelleleonard@bankverify.net,Weekly Newsletter,1,0,1,2,186,0
1265,tcastaneda@outlook.com,Claim Your Reward Now,1,0,10,3,102,1
1266,wmitchell@bankverify.net,Bank Account Locked,1,1,10,8,52,1
1267,zwilson@gmail.com,Suspicious Login Attempt,1,0,7,6,79,1
1268,ihamilton@outlook.com,Meeting Reminder,1,1,5,0,187,0
1269,samuel95@outlook.com,Claim Your Reward Now,0,0,9,5,98,1
1270,carrollsuzanne@gmail.com,Project Update,0,0,2,1,270,0
1271,bennettdavid@company-secure.com,Bank Account Locked,1,0,7,7,102,1
1272,kristenjackson@gmail.com,Meeting Reminder,1,1,2,1,157,0
1273,henrywest@company-secure.com,Claim Your Reward Now,1,0,7,10,110,1
1274,codyrodriguez@outlook.com,Claim Your Reward Now,1,0,8,6,36,1
1275,mjohnson@paypal-alert.com,Invoice Attached,0,1,4,0,286,0
1276,michael71@paypal-alert.com,Bank Account Locked,1,0,9,4,45,1
1277,mollyhunt@paypal-alert.com,Interview Schedule,1,1,4,1,269,0
1278,haneyjames@gmail.com,Invoice Attached,1,1,2,2,118,0
1279,lisa21@outlook.com,Suspicious Login Attempt,1,0,9,9,90,1
1280,serranoduane@bankverify.net,Weekly Newsletter,0,1,3,2,295,0
1281,barbaratucker@paypal-alert.com,Meeting Reminder,1,0,3,1,241,0
1282,michaelferguson@company-secure.com,Project Update,1,0,5,1,247,0
1283,upatterson@paypal-alert.com,Meeting Reminder,0,1,4,2,295,0
1284,combskaren@company-secure.com,Suspicious Login Attempt,1,1,9,9,116,1
1285,bobby37@paypal-alert.com,Weekly Newsletter,1,0,2,1,155,0
1286,kim89@company-secure.com,Project Update,1,1,1,1,270,0
1287,wgarcia@bankverify.net,Project Update,1,0,4,2,156,0
1288,wheelerjamie@paypal-alert.com,Bank Account Locked,1,1,9,10,68,1
1289,rebeccalee@paypal-alert.com,Invoice Attached,0,1,4,2,283,0
1290,mosescourtney@gmail.com,Invoice Attached,0,1,2,2,286,0
1291,joneseric@company-secure.com,Project Update,1,0,1,1,300,0
1292,daniel05@bankverify.net,Your Password Will Expire,1,0,10,5,82,1
1293,stevenwallace@company-secure.com,Weekly Newsletter,1,0,5,1,147,0
1294,treynolds@gmail.com,Claim Your Reward Now,1,0,9,9,71,1
1295,whitney53@gmail.com,Claim Your Reward Now,0,1,8,6,54,1
1296,feliciathomas@gmail.com,Suspicious Login Attempt,1,1,7,6,23,1
1297,dylan40@paypal-alert.com,Meeting Reminder,1,1,1,2,245,0
1298,tford@company-secure.com,Bank Account Locked,0,1,8,4,84,1
1299,joseschwartz@paypal-alert.com,Weekly Newsletter,1,0,1,1,298,0
1300,wlopez@outlook.com,Project Update,1,1,4,2,113,0
1301,andre92@paypal-alert.com,Interview Schedule,0,0,5,2,209,0
1302,theresamoss@outlook.com,Project Update,1,0,4,1,141,0
1303,james15@paypal-alert.com,Your Password Will Expire,1,0,7,8,30,1
1304,gregoryheidi@bankverify.net,Your Password Will Expire,0,0,10,7,65,1
1305,nicolelandry@gmail.com,Weekly Newsletter,0,0,1,1,255,0
1306,brookewilliams@gmail.com,Claim Your Reward Now,1,1,7,9,65,1
1307,jasmine28@outlook.com,Project Update,1,1,3,1,136,0
1308,marissawilliams@gmail.com,Weekly Newsletter,0,1,1,1,270,0
1309,pjackson@outlook.com,Meeting Reminder,0,1,3,0,141,0
1310,amandasharp@bankverify.net,Meeting Reminder,0,0,2,0,98,0
1311,jacobmartinez@company-secure.com,Suspicious Login Attempt,1,0,8,6,82,1
1312,tracyross@outlook.com,Weekly Newsletter,1,0,1,1,177,0
1313,milesgabriel@gmail.com,Invoice Attached,0,0,4,0,246,0
1314,jacob22@gmail.com,Meeting Reminder,0,1,1,1,192,0
1315,william83@bankverify.net,Claim Your Reward Now,1,0,10,5,91,1
1316,freynolds@company-secure.com,Suspicious Login Attempt,1,1,9,9,78,1
1317,ronald29@bankverify.net,Suspicious Login Attempt,1,1,8,4,90,1
1318,annhoward@outlook.com,Meeting Reminder,1,0,1,1,214,0
1319,davismargaret@company-secure.com,Project Update,0,0,5,2,222,0
1320,morgan34@gmail.com,Weekly Newsletter,0,1,5,0,289,0
1321,randy23@paypal-alert.com,Invoice Attached,1,1,2,0,139,0
1322,nicholasallen@gmail.com,Weekly Newsletter,1,0,4,2,256,0
1323,anthonywolf@company-secure.com,Claim Your Reward Now,1,0,7,8,65,1
1324,mdavis@paypal-alert.com,Suspicious Login Attempt,1,0,7,7,41,1
1325,johnsongary@outlook.com,Meeting Reminder,0,1,1,0,96,0
1326,emma52@gmail.com,Suspicious Login Attempt,1,0,9,10,75,1
1327,moyerkathy@company-secure.com,Project Update,1,0,2,1,134,0
1328,briggsjessica@company-secure.com,Bank Account Locked,1,1,9,9,63,1
1329,brian93@outlook.com,Project Update,0,1,5,1,226,0
1330,annamarshall@company-secure.com,Weekly Newsletter,1,1,2,0,109,0
1331,williamscharles@company-secure.com,Claim Your Reward Now,1,0,8,10,96,1
1332,tcain@company-secure.com,Project Update,1,0,3,2,104,0
1333,nkelly@gmail.com,Your Password Will Expire,1,1,7,7,113,1
1334,lisa81@gmail.com,Invoice Attached,0,1,2,1,232,0
1335,greenkathleen@outlook.com,Weekly Newsletter,0,0,3,2,145,0
1336,dlopez@gmail.com,Suspicious Login Attempt,0,1,10,10,91,1
1337,daniel83@outlook.com,Weekly Newsletter,0,1,3,1,120,0
1338,batespaige@paypal-alert.com,Claim Your Reward Now,1,0,7,3,92,1
1339,scottnatasha@company-secure.com,Urgent Account Verification,0,0,7,3,87,1
1340,wangapril@company-secure.com,Bank Account Locked,0,1,9,7,70,1
1341,bgordon@outlook.com,Weekly Newsletter,0,1,4,2,181,0
1342,sarahrichard@company-secure.com,Your Password Will Expire,1,1,8,8,108,1
1343,michael40@paypal-alert.com,Project Update,0,0,2,1,180,0
1344,sherrynelson@outlook.com,Claim Your Reward Now,1,0,8,9,42,1
1345,stacey02@bankverify.net,Weekly Newsletter,1,1,3,2,114,0
1346,jakecombs@paypal-alert.com,Interview Schedule,0,0,5,2,190,0
1347,ryanmurray@bankverify.net,Your Password Will Expire,1,0,9,10,88,1
1348,obrienlori@paypal-alert.com,Meeting Reminder,0,1,3,0,99,0
1349,rprice@gmail.com,Your Password Will Expire,1,0,7,10,117,1
1350,laurabowman@company-secure.com,Your Password Will Expire,1,1,10,3,69,1
1351,jeremy56@outlook.com,Interview Schedule,0,1,4,1,270,0
1352,jamesjackson@bankverify.net,Weekly Newsletter,1,1,4,2,106,0
1353,randyparsons@gmail.com,Urgent Account Verification,0,1,10,8,70,1
1354,ericsalinas@outlook.com,Interview Schedule,1,0,4,2,165,0
1355,danieldavenport@bankverify.net,Your Password Will Expire,0,1,9,4,77,1
1356,tiffany50@bankverify.net,Bank Account Locked,0,1,8,6,104,1
1357,qsmith@outlook.com,Your Password Will Expire,1,1,8,8,86,1
1358,stevensjulie@bankverify.net,Meeting Reminder,0,1,4,0,265,0
1359,jasonjensen@paypal-alert.com,Urgent Account Verification,0,1,8,5,101,1
1360,johnwilson@gmail.com,Project Update,1,0,5,1,101,0
1361,curtis86@company-secure.com,Interview Schedule,1,0,5,0,124,0
1362,sarah54@company-secure.com,Claim Your Reward Now,1,0,8,4,25,1
1363,brittanypugh@bankverify.net,Interview Schedule,1,1,5,1,84,0
1364,denisespears@bankverify.net,Bank Account Locked,0,1,10,10,95,1
1365,williamdouglas@company-secure.com,Your Password Will Expire,1,0,10,4,36,1
1366,kbrown@bankverify.net,Bank Account Locked,1,1,10,5,53,1
1367,zstewart@company-secure.com,Meeting Reminder,1,0,1,0,289,0
1368,daniel67@paypal-alert.com,Urgent Account Verification,1,1,7,10,55,1
1369,martinezcalvin@gmail.com,Invoice Attached,1,1,5,0,87,0
1370,timothybaker@outlook.com,Meeting Reminder,1,0,2,2,146,0
1371,jeannerivera@outlook.com,Urgent Account Verification,0,1,10,10,25,1
1372,michaelbray@paypal-alert.com,Meeting Reminder,0,1,5,0,88,0
1373,wongtyler@bankverify.net,Your Password Will Expire,1,0,9,4,84,1
1374,brownlisa@company-secure.com,Suspicious Login Attempt,0,1,10,9,64,1
1375,richardherrera@bankverify.net,Invoice Attached,0,0,3,1,205,0
1376,tortiz@outlook.com,Interview Schedule,1,0,1,1,278,0
1377,bjackson@bankverify.net,Bank Account Locked,1,0,7,7,77,1
1378,amandamoreno@bankverify.net,Meeting Reminder,1,1,1,2,102,0
1379,hayesharry@company-secure.com,Interview Schedule,1,0,2,1,167,0
1380,austinbrown@gmail.com,Weekly Newsletter,0,0,5,1,104,0
1381,mmoody@outlook.com,Bank Account Locked,0,1,10,5,82,1
1382,halljerry@gmail.com,Interview Schedule,1,0,2,0,106,0
1383,stephenthompson@outlook.com,Project Update,1,1,4,1,192,0
1384,christopherhines@paypal-alert.com,Bank Account Locked,0,0,10,3,81,1
1385,daniel27@gmail.com,Claim Your Reward Now,0,0,10,4,83,1
1386,brian50@paypal-alert.com,Claim Your Reward Now,0,0,7,5,49,1
1387,lewistamara@paypal-alert.com,Meeting Reminder,0,0,4,2,108,0
1388,toddwest@outlook.com,Your Password Will Expire,0,1,10,3,36,1
1389,torresholly@company-secure.com,Weekly Newsletter,0,1,1,1,214,0
1390,kathleensellers@company-secure.com,Weekly Newsletter,1,0,3,2,238,0
1391,sroberts@paypal-alert.com,Interview Schedule,0,0,4,0,160,0
1392,ambercervantes@gmail.com,Suspicious Login Attempt,1,1,9,7,114,1
1393,andersonnicholas@outlook.com,Your Password Will Expire,0,1,8,10,120,1
1394,danielwilliams@paypal-alert.com,Meeting Reminder,1,0,1,2,265,0
1395,vprice@bankverify.net,Bank Account Locked,1,0,7,4,116,1
1396,anthonyparker@gmail.com,Claim Your Reward Now,0,1,8,5,92,1
1397,emilymendoza@paypal-alert.com,Project Update,1,1,2,2,233,0
1398,bradley53@gmail.com,Suspicious Login Attempt,1,1,10,4,42,1
1399,justin57@gmail.com,Meeting Reminder,0,0,5,2,269,0
1400,james84@paypal-alert.com,Claim Your Reward Now,0,0,7,9,22,1
1401,ryan17@gmail.com,Bank Account Locked,0,0,10,5,61,1
1402,cindyevans@bankverify.net,Your Password Will Expire,1,0,8,3,111,1
1403,markfarmer@bankverify.net,Meeting Reminder,0,1,3,0,176,0
1404,simpsoncynthia@company-secure.com,Suspicious Login Attempt,1,1,10,8,54,1
1405,ashley51@bankverify.net,Weekly Newsletter,1,0,3,2,272,0
1406,matthewadams@bankverify.net,Meeting Reminder,0,0,5,1,270,0
1407,rachel56@bankverify.net,Your Password Will Expire,0,1,8,6,47,1
1408,stephanie15@paypal-alert.com,Claim Your Reward Now,1,1,8,5,83,1
1409,jackmccarthy@company-secure.com,Meeting Reminder,1,1,3,1,259,0
1410,kimberlypeterson@outlook.com,Invoice Attached,1,0,3,1,122,0
1411,milesdakota@outlook.com,Urgent Account Verification,1,0,10,9,53,1
1412,rachel71@paypal-alert.com,Your Password Will Expire,1,1,9,10,59,1
1413,hjennings@gmail.com,Invoice Attached,0,1,5,0,293,0
1414,smithmariah@gmail.com,Meeting Reminder,0,0,4,1,243,0
1415,warrennathan@paypal-alert.com,Bank Account Locked,1,0,9,6,75,1
1416,fgibson@bankverify.net,Meeting Reminder,0,0,4,0,192,0
1417,summerseileen@outlook.com,Claim Your Reward Now,1,0,10,3,106,1
1418,rodriguezbrian@bankverify.net,Suspicious Login Attempt,1,1,9,3,92,1
1419,ericahall@outlook.com,Meeting Reminder,0,1,2,2,200,0
1420,timothyyoung@bankverify.net,Bank Account Locked,0,1,10,4,100,1
1421,danielcoleman@gmail.com,Invoice Attached,0,1,2,2,161,0
1422,owensbrittany@paypal-alert.com,Interview Schedule,1,0,5,1,151,0
1423,evan42@paypal-alert.com,Claim Your Reward Now,1,0,10,7,77,1
1424,stephenthomas@gmail.com,Urgent Account Verification,1,1,7,9,22,1
1425,ldavis@company-secure.com,Urgent Account Verification,1,1,10,4,22,1
1426,suttonstephen@company-secure.com,Suspicious Login Attempt,1,1,10,10,119,1
1427,gibbstina@paypal-alert.com,Suspicious Login Attempt,1,1,9,4,36,1
1428,mooreanthony@company-secure.com,Urgent Account Verification,1,1,10,8,88,1
1429,briancarter@gmail.com,Project Update,1,1,3,1,156,0
1430,natalie15@company-secure.com,Bank Account Locked,1,0,8,9,64,1
1431,leebrenda@company-secure.com,Suspicious Login Attempt,0,0,8,10,101,1
1432,donaldbarrett@bankverify.net,Claim Your Reward Now,0,1,9,4,87,1
1433,william09@gmail.com,Your Password Will Expire,1,1,9,10,31,1
1434,cannonkaren@outlook.com,Urgent Account Verification,0,0,7,3,78,1
1435,patrick13@gmail.com,Interview Schedule,1,1,5,1,148,0
1436,jessicaburgess@outlook.com,Invoice Attached,0,1,2,0,133,0
1437,tmendoza@paypal-alert.com,Your Password Will Expire,1,0,10,7,50,1
1438,charlesrojas@outlook.com,Claim Your Reward Now,0,1,9,3,71,1
1439,andreanguyen@company-secure.com,Suspicious Login Attempt,1,1,10,9,77,1
1440,vmorales@paypal-alert.com,Your Password Will Expire,1,1,7,4,46,1
1441,amandagonzalez@paypal-alert.com,Urgent Account Verification,1,0,10,8,46,1
1442,qmurphy@gmail.com,Weekly Newsletter,1,1,4,2,296,0
1443,troyking@gmail.com,Your Password Will Expire,1,1,10,7,79,1
1444,danielwalker@paypal-alert.com,Your Password Will Expire,1,0,9,3,104,1
1445,kjackson@company-secure.com,Project Update,0,0,1,2,281,0
1446,ericajohnson@bankverify.net,Meeting Reminder,1,0,1,2,282,0
1447,lauren50@bankverify.net,Interview Schedule,0,1,4,0,183,0
1448,murphymark@outlook.com,Bank Account Locked,0,1,8,3,56,1
1449,davidstone@company-secure.com,Project Update,1,1,2,1,110,0
1450,ronaldsmith@bankverify.net,Meeting Reminder,1,0,3,1,259,0
1451,molly71@gmail.com,Interview Schedule,1,1,3,1,149,0
1452,odeleon@outlook.com,Invoice Attached,1,0,2,1,261,0
1453,christine62@bankverify.net,Suspicious Login Attempt,1,0,7,10,40,1
1454,matthew80@gmail.com,Your Password Will Expire,0,0,10,4,117,1
1455,tburns@company-secure.com,Interview Schedule,1,0,4,1,254,0
1456,roycassandra@company-secure.com,Interview Schedule,1,1,4,0,165,0
1457,bakerlinda@paypal-alert.com,Meeting Reminder,0,0,4,2,201,0
1458,rachel36@bankverify.net,Project Update,1,1,4,1,180,0
1459,kcurtis@company-secure.com,Bank Account Locked,1,0,9,9,45,1
1460,sarah53@paypal-alert.com,Your Password Will Expire,1,0,7,8,104,1
1461,bowensarah@outlook.com,Suspicious Login Attempt,1,1,8,7,116,1
1462,heather96@gmail.com,Meeting Reminder,1,1,4,2,133,0
1463,stoutmatthew@paypal-alert.com,Project Update,1,1,5,2,96,0
1464,carly03@outlook.com,Suspicious Login Attempt,0,0,7,3,105,1
1465,henry19@gmail.com,Your Password Will Expire,1,0,8,4,22,1
1466,brooksaustin@company-secure.com,Invoice Attached,1,0,4,1,190,0
1467,sbryant@company-secure.com,Meeting Reminder,1,0,5,1,296,0
1468,shannonvega@gmail.com,Invoice Attached,0,0,4,1,250,0
1469,katiemcgrath@paypal-alert.com,Urgent Account Verification,1,0,10,10,69,1
1470,erikahall@outlook.com,Urgent Account Verification,1,0,10,9,21,1
1471,jenniferharris@company-secure.com,Bank Account Locked,1,0,7,3,119,1
1472,thomashiggins@paypal-alert.com,Weekly Newsletter,0,0,4,1,188,0
1473,victoria53@paypal-alert.com,Suspicious Login Attempt,1,1,9,4,118,1
1474,ericwaters@company-secure.com,Bank Account Locked,1,1,9,6,116,1
1475,shill@outlook.com,Bank Account Locked,0,0,9,6,42,1
1476,davidreynolds@bankverify.net,Project Update,1,1,2,2,115,0
1477,pwashington@company-secure.com,Interview Schedule,1,0,1,0,117,0
1478,triddle@outlook.com,Meeting Reminder,0,1,5,2,288,0
1479,miguelduncan@paypal-alert.com,Your Password Will Expire,1,1,7,6,83,1
1480,kathrynsmith@bankverify.net,Invoice Attached,0,1,4,0,185,0
1481,espinozapaula@gmail.com,Weekly Newsletter,0,0,3,0,176,0
1482,wilsonrobert@gmail.com,Urgent Account Verification,1,0,7,7,111,1
1483,harrisonalexis@company-secure.com,Claim Your Reward Now,1,1,9,9,78,1
1484,frich@paypal-alert.com,Weekly Newsletter,0,0,3,1,240,0
1485,katrinawebb@paypal-alert.com,Interview Schedule,1,0,2,1,216,0
1486,jriggs@gmail.com,Meeting Reminder,0,1,2,0,192,0
1487,angela75@bankverify.net,Bank Account Locked,1,1,8,8,53,1
1488,hlopez@gmail.com,Weekly Newsletter,0,0,4,1,203,0
1489,cherylcummings@paypal-alert.com,Your Password Will Expire,0,0,7,8,54,1
1490,mboyd@outlook.com,Project Update,1,1,3,2,262,0
1491,alvaradokathleen@paypal-alert.com,Project Update,1,1,4,2,200,0
1492,jon17@outlook.com,Suspicious Login Attempt,1,0,10,10,25,1
1493,allison36@company-secure.com,Urgent Account Verification,1,1,10,5,20,1
1494,burtonmichael@bankverify.net,Suspicious Login Attempt,1,1,10,10,92,1
1495,ipeterson@gmail.com,Bank Account Locked,1,1,8,4,28,1
1496,villabrian@gmail.com,Claim Your Reward Now,1,1,8,7,113,1
1497,lharvey@gmail.com,Urgent Account Verification,1,0,8,5,50,1
1498,xjennings@outlook.com,Suspicious Login Attempt,0,0,8,10,82,1
1499,paulcobb@paypal-alert.com,Suspicious Login Attempt,1,0,7,9,36,1
1500,kristen14@company-secure.com,Invoice Attached,0,1,4,0,161,0
